10:38:52 ======================================================================
10:38:52 prereg #95 stage 2 Sobol (Saltelli survivors)  stamp=20260817_103852  pid=20996
10:38:52 design docs/DESIGN_DOE_SOBOL.md  models 30B  blocks 30B:40  runs 280  deadline 9.5h  exe C:/Users/Federico/Documents/evo-compress/tools/llamacpp-b10098/llama-bench.exe
10:38:54 7B: D:/evo-compress-data/gguf/Qwen2.5-7B-Instruct-Q4_K_M.gguf  4683074240 bytes  block_count=28  ok
10:38:54 30B: D:/evo-compress-data/gguf/Qwen3-30B-A3B-Q2_K.gguf  11258610240 bytes  block_count=48  ok
10:38:54 CSV present, header hash verified - resume is safe
10:38:56 resume state: 192 designed rows already in the CSV
10:38:56 [30B] 280 of 280 designed runs pending
10:38:56 [30B] pre-flight: 4 corner probes at -n 8 -r 1 (log-only)
10:38:56 [30B] preflight all-grid-0: C:/Users/Federico/Documents/evo-compress/tools/llamacpp-b10098/llama-bench.exe -m D:/evo-compress-data/gguf/Qwen3-30B-A3B-Q2_K.gguf -ngl 0 -ub 2048 -t 1 -ctk f16 -ctv f16 -b 2048 -mmp 1 -fa 1 -ot "blk\.(12|13|14|15|16|17|18|19|20|21|22|23|24|25|26|27|28|29|30|31|32|33|34|35|36|37|38|39|40|41|42|43|44|45|46|47)\.ffn_.*_exps\.=CPU" -n 8 -p 0 -r 1 -o json
10:39:29   ok in 32.2s  avg_ts=0.391088
10:39:29 [30B] preflight all-grid-1: C:/Users/Federico/Documents/evo-compress/tools/llamacpp-b10098/llama-bench.exe -m D:/evo-compress-data/gguf/Qwen3-30B-A3B-Q2_K.gguf -ngl 99 -ub 2048 -t 4 -ctk q8_0 -ctv f16 -b 2048 -mmp 0 -fa 1 -ot exps=CPU -n 8 -p 0 -r 1 -o json
10:40:01   ok in 32.3s  avg_ts=13.696116
10:40:01 [30B] preflight max-vram: C:/Users/Federico/Documents/evo-compress/tools/llamacpp-b10098/llama-bench.exe -m D:/evo-compress-data/gguf/Qwen3-30B-A3B-Q2_K.gguf -ngl 99 -ub 2048 -t 1 -ctk f16 -ctv f16 -b 2048 -mmp 1 -fa 1 -ot "blk\.(12|13|14|15|16|17|18|19|20|21|22|23|24|25|26|27|28|29|30|31|32|33|34|35|36|37|38|39|40|41|42|43|44|45|46|47)\.ffn_.*_exps\.=CPU" -n 8 -p 0 -r 1 -o json
10:40:32   ok in 30.9s  avg_ts=0.671255
10:40:32 [30B] preflight max-cpu: C:/Users/Federico/Documents/evo-compress/tools/llamacpp-b10098/llama-bench.exe -m D:/evo-compress-data/gguf/Qwen3-30B-A3B-Q2_K.gguf -ngl 0 -ub 2048 -t 1 -ctk f16 -ctv f16 -b 2048 -mmp 0 -fa 1 -ot "blk\.(12|13|14|15|16|17|18|19|20|21|22|23|24|25|26|27|28|29|30|31|32|33|34|35|36|37|38|39|40|41|42|43|44|45|46|47)\.ffn_.*_exps\.=CPU" -n 8 -p 0 -r 1 -o json
10:40:59   ok in 27.3s  avg_ts=6.263598
10:41:30 [30B] 14ca2f8fd736f481 block 0 matrix A: C:/Users/Federico/Documents/evo-compress/tools/llamacpp-b10098/llama-bench.exe -m D:/evo-compress-data/gguf/Qwen3-30B-A3B-Q2_K.gguf -ngl 32 -ub 2048 -t 2 -ctk f16 -ctv f16 -b 2048 -mmp 0 -fa 1 -ot "blk\.(4|5|6|7|8|9|10|11|12|13|14|15|16|17|18|19|20|21|22|23|24|25|26|27|28|29|30|31|32|33|34|35|36|37|38|39|40|41|42|43|44|45|46|47)\.ffn_.*_exps\.=CPU" -n 128 -p 0 -r 3 -o json
10:42:35   ok  tok/s=13.321951  wall=65.1s  settle=30.4s  temp 38->41
10:43:06 [30B] cc96c13c3e3c4e75 block 0 matrix B: C:/Users/Federico/Documents/evo-compress/tools/llamacpp-b10098/llama-bench.exe -m D:/evo-compress-data/gguf/Qwen3-30B-A3B-Q2_K.gguf -ngl 0 -ub 2048 -t 1 -ctk q8_0 -ctv f16 -b 2048 -mmp 0 -fa 1 -ot "blk\.(4|5|6|7|8|9|10|11|12|13|14|15|16|17|18|19|20|21|22|23|24|25|26|27|28|29|30|31|32|33|34|35|36|37|38|39|40|41|42|43|44|45|46|47)\.ffn_.*_exps\.=CPU" -n 128 -p 0 -r 3 -o json
10:44:47   ok  tok/s=5.954381  wall=101.0s  settle=30.4s  temp 39->38
10:45:18 [30B] a82919c3ed21cf12 block 0 matrix AB_ngl: C:/Users/Federico/Documents/evo-compress/tools/llamacpp-b10098/llama-bench.exe -m D:/evo-compress-data/gguf/Qwen3-30B-A3B-Q2_K.gguf -ngl 0 -ub 2048 -t 2 -ctk f16 -ctv f16 -b 2048 -mmp 0 -fa 1 -ot "blk\.(4|5|6|7|8|9|10|11|12|13|14|15|16|17|18|19|20|21|22|23|24|25|26|27|28|29|30|31|32|33|34|35|36|37|38|39|40|41|42|43|44|45|46|47)\.ffn_.*_exps\.=CPU" -n 128 -p 0 -r 3 -o json
10:46:33   ok  tok/s=9.943488  wall=75.0s  settle=30.4s  temp 37->37
10:47:04 [30B] 44ab558511502ed6 block 0 matrix AB_t: C:/Users/Federico/Documents/evo-compress/tools/llamacpp-b10098/llama-bench.exe -m D:/evo-compress-data/gguf/Qwen3-30B-A3B-Q2_K.gguf -ngl 32 -ub 2048 -t 1 -ctk f16 -ctv f16 -b 2048 -mmp 0 -fa 1 -ot "blk\.(4|5|6|7|8|9|10|11|12|13|14|15|16|17|18|19|20|21|22|23|24|25|26|27|28|29|30|31|32|33|34|35|36|37|38|39|40|41|42|43|44|45|46|47)\.ffn_.*_exps\.=CPU" -n 128 -p 0 -r 3 -o json
10:48:35   ok  tok/s=7.292515  wall=90.0s  settle=30.4s  temp 36->38
10:49:05 [30B] c009a8e8bcf68a7d block 0 matrix AB_ctk: C:/Users/Federico/Documents/evo-compress/tools/llamacpp-b10098/llama-bench.exe -m D:/evo-compress-data/gguf/Qwen3-30B-A3B-Q2_K.gguf -ngl 32 -ub 2048 -t 2 -ctk q8_0 -ctv f16 -b 2048 -mmp 0 -fa 1 -ot "blk\.(4|5|6|7|8|9|10|11|12|13|14|15|16|17|18|19|20|21|22|23|24|25|26|27|28|29|30|31|32|33|34|35|36|37|38|39|40|41|42|43|44|45|46|47)\.ffn_.*_exps\.=CPU" -n 128 -p 0 -r 3 -o json
10:50:14   ok  tok/s=12.073348  wall=68.3s  settle=30.3s  temp 38->41
10:50:45 [30B] 60f032162322022f block 0 matrix AB_mmp: C:/Users/Federico/Documents/evo-compress/tools/llamacpp-b10098/llama-bench.exe -m D:/evo-compress-data/gguf/Qwen3-30B-A3B-Q2_K.gguf -ngl 32 -ub 2048 -t 2 -ctk f16 -ctv f16 -b 2048 -mmp 0 -fa 1 -ot "blk\.(4|5|6|7|8|9|10|11|12|13|14|15|16|17|18|19|20|21|22|23|24|25|26|27|28|29|30|31|32|33|34|35|36|37|38|39|40|41|42|43|44|45|46|47)\.ffn_.*_exps\.=CPU" -n 128 -p 0 -r 3 -o json
10:51:50   ok  tok/s=13.435702  wall=65.1s  settle=30.4s  temp 42->43
10:52:21 [30B] 406f7da56436d09f block 0 matrix AB_moe_cpu_frac: C:/Users/Federico/Documents/evo-compress/tools/llamacpp-b10098/llama-bench.exe -m D:/evo-compress-data/gguf/Qwen3-30B-A3B-Q2_K.gguf -ngl 32 -ub 2048 -t 2 -ctk f16 -ctv f16 -b 2048 -mmp 0 -fa 1 -ot "blk\.(4|5|6|7|8|9|10|11|12|13|14|15|16|17|18|19|20|21|22|23|24|25|26|27|28|29|30|31|32|33|34|35|36|37|38|39|40|41|42|43|44|45|46|47)\.ffn_.*_exps\.=CPU" -n 128 -p 0 -r 3 -o json
10:53:27   ok  tok/s=13.117749  wall=65.7s  settle=30.4s  temp 41->43
10:53:58 [30B] b7c983b40ecc7c26 block 1 matrix A: C:/Users/Federico/Documents/evo-compress/tools/llamacpp-b10098/llama-bench.exe -m D:/evo-compress-data/gguf/Qwen3-30B-A3B-Q2_K.gguf -ngl 99 -ub 2048 -t 4 -ctk q8_0 -ctv f16 -b 2048 -mmp 0 -fa 1 -ot "blk\.(12|13|14|15|16|17|18|19|20|21|22|23|24|25|26|27|28|29|30|31|32|33|34|35|36|37|38|39|40|41|42|43|44|45|46|47)\.ffn_.*_exps\.=CPU" -n 128 -p 0 -r 3 -o json
10:54:57   ok  tok/s=17.242764  wall=58.9s  settle=30.4s  temp 41->48
10:55:28 [30B] c8d068538c95749e block 1 matrix B: C:/Users/Federico/Documents/evo-compress/tools/llamacpp-b10098/llama-bench.exe -m D:/evo-compress-data/gguf/Qwen3-30B-A3B-Q2_K.gguf -ngl 32 -ub 2048 -t 3 -ctk q8_0 -ctv f16 -b 2048 -mmp 1 -fa 1 -ot "blk\.(4|5|6|7|8|9|10|11|12|13|14|15|16|17|18|19|20|21|22|23|24|25|26|27|28|29|30|31|32|33|34|35|36|37|38|39|40|41|42|43|44|45|46|47)\.ffn_.*_exps\.=CPU" -n 128 -p 0 -r 3 -o json
10:56:51   ok  tok/s=7.478434  wall=82.4s  settle=30.4s  temp 44->46
10:57:21 [30B] 4485ec4987077875 block 1 matrix AB_ngl: C:/Users/Federico/Documents/evo-compress/tools/llamacpp-b10098/llama-bench.exe -m D:/evo-compress-data/gguf/Qwen3-30B-A3B-Q2_K.gguf -ngl 32 -ub 2048 -t 4 -ctk q8_0 -ctv f16 -b 2048 -mmp 0 -fa 1 -ot "blk\.(12|13|14|15|16|17|18|19|20|21|22|23|24|25|26|27|28|29|30|31|32|33|34|35|36|37|38|39|40|41|42|43|44|45|46|47)\.ffn_.*_exps\.=CPU" -n 128 -p 0 -r 3 -o json
10:58:12   ok  tok/s=16.40035  wall=50.6s  settle=30.4s  temp 45->47
10:58:43 [30B] 1883f26f555ad890 block 1 matrix AB_t: C:/Users/Federico/Documents/evo-compress/tools/llamacpp-b10098/llama-bench.exe -m D:/evo-compress-data/gguf/Qwen3-30B-A3B-Q2_K.gguf -ngl 99 -ub 2048 -t 3 -ctk q8_0 -ctv f16 -b 2048 -mmp 0 -fa 1 -ot "blk\.(12|13|14|15|16|17|18|19|20|21|22|23|24|25|26|27|28|29|30|31|32|33|34|35|36|37|38|39|40|41|42|43|44|45|46|47)\.ffn_.*_exps\.=CPU" -n 128 -p 0 -r 3 -o json
10:59:41   ok  tok/s=17.133093  wall=57.7s  settle=30.4s  temp 45->52
11:00:11 [30B] 9248c2bf9f9df9b7 block 1 matrix AB_ctk: C:/Users/Federico/Documents/evo-compress/tools/llamacpp-b10098/llama-bench.exe -m D:/evo-compress-data/gguf/Qwen3-30B-A3B-Q2_K.gguf -ngl 99 -ub 2048 -t 4 -ctk q8_0 -ctv f16 -b 2048 -mmp 0 -fa 1 -ot "blk\.(12|13|14|15|16|17|18|19|20|21|22|23|24|25|26|27|28|29|30|31|32|33|34|35|36|37|38|39|40|41|42|43|44|45|46|47)\.ffn_.*_exps\.=CPU" -n 128 -p 0 -r 3 -o json
11:01:09   ok  tok/s=17.12287  wall=57.5s  settle=30.4s  temp 49->55
11:01:40 [30B] 7e958a0d30333287 block 1 matrix AB_mmp: C:/Users/Federico/Documents/evo-compress/tools/llamacpp-b10098/llama-bench.exe -m D:/evo-compress-data/gguf/Qwen3-30B-A3B-Q2_K.gguf -ngl 99 -ub 2048 -t 4 -ctk q8_0 -ctv f16 -b 2048 -mmp 1 -fa 1 -ot "blk\.(12|13|14|15|16|17|18|19|20|21|22|23|24|25|26|27|28|29|30|31|32|33|34|35|36|37|38|39|40|41|42|43|44|45|46|47)\.ffn_.*_exps\.=CPU" -n 128 -p 0 -r 3 -o json
11:02:36   ok  tok/s=10.964919  wall=56.1s  settle=30.4s  temp 49->54
11:03:07 [30B] a8ffd0836e1df960 block 1 matrix AB_moe_cpu_frac: C:/Users/Federico/Documents/evo-compress/tools/llamacpp-b10098/llama-bench.exe -m D:/evo-compress-data/gguf/Qwen3-30B-A3B-Q2_K.gguf -ngl 99 -ub 2048 -t 4 -ctk q8_0 -ctv f16 -b 2048 -mmp 0 -fa 1 -ot "blk\.(4|5|6|7|8|9|10|11|12|13|14|15|16|17|18|19|20|21|22|23|24|25|26|27|28|29|30|31|32|33|34|35|36|37|38|39|40|41|42|43|44|45|46|47)\.ffn_.*_exps\.=CPU" -n 128 -p 0 -r 3 -o json
11:03:55   ok  tok/s=15.724331  wall=48.5s  settle=30.4s  temp 51->54
11:04:26 [30B] 06f518f6fe5b4819 block 2 matrix A: C:/Users/Federico/Documents/evo-compress/tools/llamacpp-b10098/llama-bench.exe -m D:/evo-compress-data/gguf/Qwen3-30B-A3B-Q2_K.gguf -ngl 99 -ub 2048 -t 1 -ctk q8_0 -ctv f16 -b 2048 -mmp 0 -fa 1 -ot "blk\.(8|9|10|11|12|13|14|15|16|17|18|19|20|21|22|23|24|25|26|27|28|29|30|31|32|33|34|35|36|37|38|39|40|41|42|43|44|45|46|47)\.ffn_.*_exps\.=CPU" -n 128 -p 0 -r 3 -o json
11:05:45   ok  tok/s=9.023677  wall=78.3s  settle=30.4s  temp 49->52
11:06:16 [30B] bd47b5046f122462 block 2 matrix B: C:/Users/Federico/Documents/evo-compress/tools/llamacpp-b10098/llama-bench.exe -m D:/evo-compress-data/gguf/Qwen3-30B-A3B-Q2_K.gguf -ngl 0 -ub 2048 -t 3 -ctk q8_0 -ctv f16 -b 2048 -mmp 1 -fa 1 -ot "blk\.(12|13|14|15|16|17|18|19|20|21|22|23|24|25|26|27|28|29|30|31|32|33|34|35|36|37|38|39|40|41|42|43|44|45|46|47)\.ffn_.*_exps\.=CPU" -n 128 -p 0 -r 3 -o json
11:07:51   ok  tok/s=6.182762  wall=95.7s  settle=30.4s  temp 48->44
11:08:22 [30B] c5798a361e4bb5e0 block 2 matrix AB_ngl: C:/Users/Federico/Documents/evo-compress/tools/llamacpp-b10098/llama-bench.exe -m D:/evo-compress-data/gguf/Qwen3-30B-A3B-Q2_K.gguf -ngl 0 -ub 2048 -t 1 -ctk q8_0 -ctv f16 -b 2048 -mmp 0 -fa 1 -ot "blk\.(8|9|10|11|12|13|14|15|16|17|18|19|20|21|22|23|24|25|26|27|28|29|30|31|32|33|34|35|36|37|38|39|40|41|42|43|44|45|46|47)\.ffn_.*_exps\.=CPU" -n 128 -p 0 -r 3 -o json
11:09:55   ok  tok/s=5.906884  wall=93.2s  settle=30.4s  temp 42->40
11:10:26 [30B] 01ec0e2493d36aa4 block 2 matrix AB_t: C:/Users/Federico/Documents/evo-compress/tools/llamacpp-b10098/llama-bench.exe -m D:/evo-compress-data/gguf/Qwen3-30B-A3B-Q2_K.gguf -ngl 99 -ub 2048 -t 3 -ctk q8_0 -ctv f16 -b 2048 -mmp 0 -fa 1 -ot "blk\.(8|9|10|11|12|13|14|15|16|17|18|19|20|21|22|23|24|25|26|27|28|29|30|31|32|33|34|35|36|37|38|39|40|41|42|43|44|45|46|47)\.ffn_.*_exps\.=CPU" -n 128 -p 0 -r 3 -o json
11:11:25   ok  tok/s=16.347696  wall=59.0s  settle=30.4s  temp 40->44
11:11:56 [30B] 926405845d299a90 block 2 matrix AB_ctk: C:/Users/Federico/Documents/evo-compress/tools/llamacpp-b10098/llama-bench.exe -m D:/evo-compress-data/gguf/Qwen3-30B-A3B-Q2_K.gguf -ngl 99 -ub 2048 -t 1 -ctk q8_0 -ctv f16 -b 2048 -mmp 0 -fa 1 -ot "blk\.(8|9|10|11|12|13|14|15|16|17|18|19|20|21|22|23|24|25|26|27|28|29|30|31|32|33|34|35|36|37|38|39|40|41|42|43|44|45|46|47)\.ffn_.*_exps\.=CPU" -n 128 -p 0 -r 3 -o json
11:13:16   ok  tok/s=8.793275  wall=79.4s  settle=30.4s  temp 41->44
11:13:47 [30B] 21c0da89eece152e block 2 matrix AB_mmp: C:/Users/Federico/Documents/evo-compress/tools/llamacpp-b10098/llama-bench.exe -m D:/evo-compress-data/gguf/Qwen3-30B-A3B-Q2_K.gguf -ngl 99 -ub 2048 -t 1 -ctk q8_0 -ctv f16 -b 2048 -mmp 1 -fa 1 -ot "blk\.(8|9|10|11|12|13|14|15|16|17|18|19|20|21|22|23|24|25|26|27|28|29|30|31|32|33|34|35|36|37|38|39|40|41|42|43|44|45|46|47)\.ffn_.*_exps\.=CPU" -n 128 -p 0 -r 3 -o json
11:15:19   ok  tok/s=5.504584  wall=92.1s  settle=30.4s  temp 45->47
11:15:50 [30B] 820587c3377cb995 block 2 matrix AB_moe_cpu_frac: C:/Users/Federico/Documents/evo-compress/tools/llamacpp-b10098/llama-bench.exe -m D:/evo-compress-data/gguf/Qwen3-30B-A3B-Q2_K.gguf -ngl 99 -ub 2048 -t 1 -ctk q8_0 -ctv f16 -b 2048 -mmp 0 -fa 1 -ot "blk\.(12|13|14|15|16|17|18|19|20|21|22|23|24|25|26|27|28|29|30|31|32|33|34|35|36|37|38|39|40|41|42|43|44|45|46|47)\.ffn_.*_exps\.=CPU" -n 128 -p 0 -r 3 -o json
11:16:53   ok  tok/s=9.220076  wall=63.6s  settle=30.4s  temp 46->49
11:17:24 [30B] d4bc8ebc96990df6 block 3 matrix A: C:/Users/Federico/Documents/evo-compress/tools/llamacpp-b10098/llama-bench.exe -m D:/evo-compress-data/gguf/Qwen3-30B-A3B-Q2_K.gguf -ngl 16 -ub 2048 -t 4 -ctk q8_0 -ctv f16 -b 2048 -mmp 0 -fa 1 -ot exps=CPU -n 128 -p 0 -r 3 -o json
11:18:23   ok  tok/s=17.139207  wall=59.0s  settle=30.4s  temp 46->47
11:18:54 [30B] c4e238c3353d6fa7 block 3 matrix B: C:/Users/Federico/Documents/evo-compress/tools/llamacpp-b10098/llama-bench.exe -m D:/evo-compress-data/gguf/Qwen3-30B-A3B-Q2_K.gguf -ngl 99 -ub 2048 -t 2 -ctk q8_0 -ctv f16 -b 2048 -mmp 0 -fa 1 -ot "blk\.(12|13|14|15|16|17|18|19|20|21|22|23|24|25|26|27|28|29|30|31|32|33|34|35|36|37|38|39|40|41|42|43|44|45|46|47)\.ffn_.*_exps\.=CPU" -n 128 -p 0 -r 3 -o json
11:19:57   ok  tok/s=13.875686  wall=62.9s  settle=30.4s  temp 45->48
11:20:28 [30B] 40427fad7cca7a11 block 3 matrix AB_ngl: C:/Users/Federico/Documents/evo-compress/tools/llamacpp-b10098/llama-bench.exe -m D:/evo-compress-data/gguf/Qwen3-30B-A3B-Q2_K.gguf -ngl 99 -ub 2048 -t 4 -ctk q8_0 -ctv f16 -b 2048 -mmp 0 -fa 1 -ot exps=CPU -n 128 -p 0 -r 3 -o json
11:21:30   ok  tok/s=15.239289  wall=61.7s  settle=30.4s  temp 44->46
11:22:01 [30B] 1da08ff70b589ccf block 3 matrix AB_t: C:/Users/Federico/Documents/evo-compress/tools/llamacpp-b10098/llama-bench.exe -m D:/evo-compress-data/gguf/Qwen3-30B-A3B-Q2_K.gguf -ngl 16 -ub 2048 -t 2 -ctk q8_0 -ctv f16 -b 2048 -mmp 0 -fa 1 -ot exps=CPU -n 128 -p 0 -r 3 -o json
11:23:12   ok  tok/s=11.044549  wall=71.6s  settle=30.4s  temp 44->44
11:23:43 [30B] 69f420a55a4787e0 block 3 matrix AB_ctk: C:/Users/Federico/Documents/evo-compress/tools/llamacpp-b10098/llama-bench.exe -m D:/evo-compress-data/gguf/Qwen3-30B-A3B-Q2_K.gguf -ngl 16 -ub 2048 -t 4 -ctk q8_0 -ctv f16 -b 2048 -mmp 0 -fa 1 -ot exps=CPU -n 128 -p 0 -r 3 -o json
11:24:43   ok  tok/s=16.850541  wall=59.3s  settle=30.4s  temp 42->45
11:25:14 [30B] 72ebd334568d90c7 block 3 matrix AB_mmp: C:/Users/Federico/Documents/evo-compress/tools/llamacpp-b10098/llama-bench.exe -m D:/evo-compress-data/gguf/Qwen3-30B-A3B-Q2_K.gguf -ngl 16 -ub 2048 -t 4 -ctk q8_0 -ctv f16 -b 2048 -mmp 0 -fa 1 -ot exps=CPU -n 128 -p 0 -r 3 -o json
11:26:13   ok  tok/s=16.758214  wall=59.3s  settle=30.4s  temp 42->45
11:26:44 [30B] 8d768b0dd1e7008d block 3 matrix AB_moe_cpu_frac: C:/Users/Federico/Documents/evo-compress/tools/llamacpp-b10098/llama-bench.exe -m D:/evo-compress-data/gguf/Qwen3-30B-A3B-Q2_K.gguf -ngl 16 -ub 2048 -t 4 -ctk q8_0 -ctv f16 -b 2048 -mmp 0 -fa 1 -ot "blk\.(12|13|14|15|16|17|18|19|20|21|22|23|24|25|26|27|28|29|30|31|32|33|34|35|36|37|38|39|40|41|42|43|44|45|46|47)\.ffn_.*_exps\.=CPU" -n 128 -p 0 -r 3 -o json
11:27:43   ok  tok/s=17.152166  wall=58.8s  settle=30.4s  temp 42->44
11:28:14 [30B] 5457fef3b9f3288e block 4 matrix A: C:/Users/Federico/Documents/evo-compress/tools/llamacpp-b10098/llama-bench.exe -m D:/evo-compress-data/gguf/Qwen3-30B-A3B-Q2_K.gguf -ngl 32 -ub 2048 -t 3 -ctk q8_0 -ctv f16 -b 2048 -mmp 0 -fa 1 -ot "blk\.(12|13|14|15|16|17|18|19|20|21|22|23|24|25|26|27|28|29|30|31|32|33|34|35|36|37|38|39|40|41|42|43|44|45|46|47)\.ffn_.*_exps\.=CPU" -n 128 -p 0 -r 3 -o json
11:29:14   ok  tok/s=15.796689  wall=60.7s  settle=30.3s  temp 42->45
11:29:45 [30B] af36fd7b51f385ef block 4 matrix B: C:/Users/Federico/Documents/evo-compress/tools/llamacpp-b10098/llama-bench.exe -m D:/evo-compress-data/gguf/Qwen3-30B-A3B-Q2_K.gguf -ngl 32 -ub 2048 -t 2 -ctk f16 -ctv f16 -b 2048 -mmp 1 -fa 1 -ot "blk\.(4|5|6|7|8|9|10|11|12|13|14|15|16|17|18|19|20|21|22|23|24|25|26|27|28|29|30|31|32|33|34|35|36|37|38|39|40|41|42|43|44|45|46|47)\.ffn_.*_exps\.=CPU" -n 128 -p 0 -r 3 -o json
11:31:52   ok  tok/s=5.09713  wall=126.6s  settle=30.3s  temp 42->45
11:32:23 [30B] 163bf4cfe50c4b1a block 4 matrix AB_ngl: C:/Users/Federico/Documents/evo-compress/tools/llamacpp-b10098/llama-bench.exe -m D:/evo-compress-data/gguf/Qwen3-30B-A3B-Q2_K.gguf -ngl 32 -ub 2048 -t 3 -ctk q8_0 -ctv f16 -b 2048 -mmp 0 -fa 1 -ot "blk\.(12|13|14|15|16|17|18|19|20|21|22|23|24|25|26|27|28|29|30|31|32|33|34|35|36|37|38|39|40|41|42|43|44|45|46|47)\.ffn_.*_exps\.=CPU" -n 128 -p 0 -r 3 -o json
11:33:14   ok  tok/s=15.818154  wall=50.9s  settle=30.3s  temp 46->47
11:33:45 [30B] 963b12235321c8bc block 4 matrix AB_t: C:/Users/Federico/Documents/evo-compress/tools/llamacpp-b10098/llama-bench.exe -m D:/evo-compress-data/gguf/Qwen3-30B-A3B-Q2_K.gguf -ngl 32 -ub 2048 -t 2 -ctk q8_0 -ctv f16 -b 2048 -mmp 0 -fa 1 -ot "blk\.(12|13|14|15|16|17|18|19|20|21|22|23|24|25|26|27|28|29|30|31|32|33|34|35|36|37|38|39|40|41|42|43|44|45|46|47)\.ffn_.*_exps\.=CPU" -n 128 -p 0 -r 3 -o json
11:34:53   ok  tok/s=12.17807  wall=68.1s  settle=30.4s  temp 45->46
11:35:24 [30B] 3d402ecc7ef684bf block 4 matrix AB_ctk: C:/Users/Federico/Documents/evo-compress/tools/llamacpp-b10098/llama-bench.exe -m D:/evo-compress-data/gguf/Qwen3-30B-A3B-Q2_K.gguf -ngl 32 -ub 2048 -t 3 -ctk f16 -ctv f16 -b 2048 -mmp 0 -fa 1 -ot "blk\.(12|13|14|15|16|17|18|19|20|21|22|23|24|25|26|27|28|29|30|31|32|33|34|35|36|37|38|39|40|41|42|43|44|45|46|47)\.ffn_.*_exps\.=CPU" -n 128 -p 0 -r 3 -o json
11:36:23   ok  tok/s=17.112075  wall=58.9s  settle=30.4s  temp 46->47
11:36:54 [30B] ef1f90b03e4a0728 block 4 matrix AB_mmp: C:/Users/Federico/Documents/evo-compress/tools/llamacpp-b10098/llama-bench.exe -m D:/evo-compress-data/gguf/Qwen3-30B-A3B-Q2_K.gguf -ngl 32 -ub 2048 -t 3 -ctk q8_0 -ctv f16 -b 2048 -mmp 1 -fa 1 -ot "blk\.(12|13|14|15|16|17|18|19|20|21|22|23|24|25|26|27|28|29|30|31|32|33|34|35|36|37|38|39|40|41|42|43|44|45|46|47)\.ffn_.*_exps\.=CPU" -n 128 -p 0 -r 3 -o json
11:38:35   ok  tok/s=6.294424  wall=101.8s  settle=30.4s  temp 44->47
11:39:06 [30B] 6a7198c0b7ba9d88 block 4 matrix AB_moe_cpu_frac: C:/Users/Federico/Documents/evo-compress/tools/llamacpp-b10098/llama-bench.exe -m D:/evo-compress-data/gguf/Qwen3-30B-A3B-Q2_K.gguf -ngl 32 -ub 2048 -t 3 -ctk q8_0 -ctv f16 -b 2048 -mmp 0 -fa 1 -ot "blk\.(4|5|6|7|8|9|10|11|12|13|14|15|16|17|18|19|20|21|22|23|24|25|26|27|28|29|30|31|32|33|34|35|36|37|38|39|40|41|42|43|44|45|46|47)\.ffn_.*_exps\.=CPU" -n 128 -p 0 -r 3 -o json
11:39:58   ok  tok/s=15.374866  wall=51.6s  settle=30.4s  temp 45->47
11:40:29 [30B] 8729a460fbcf2350 block 5 matrix A: C:/Users/Federico/Documents/evo-compress/tools/llamacpp-b10098/llama-bench.exe -m D:/evo-compress-data/gguf/Qwen3-30B-A3B-Q2_K.gguf -ngl 99 -ub 2048 -t 4 -ctk q8_0 -ctv f16 -b 2048 -mmp 0 -fa 1 -ot exps=CPU -n 128 -p 0 -r 3 -o json
11:41:30   ok  tok/s=15.642656  wall=61.2s  settle=30.3s  temp 45->47
11:42:01 [30B] a9747dc4e6ea2ff9 block 5 matrix B: C:/Users/Federico/Documents/evo-compress/tools/llamacpp-b10098/llama-bench.exe -m D:/evo-compress-data/gguf/Qwen3-30B-A3B-Q2_K.gguf -ngl 99 -ub 2048 -t 4 -ctk q8_0 -ctv f16 -b 2048 -mmp 1 -fa 1 -ot "blk\.(8|9|10|11|12|13|14|15|16|17|18|19|20|21|22|23|24|25|26|27|28|29|30|31|32|33|34|35|36|37|38|39|40|41|42|43|44|45|46|47)\.ffn_.*_exps\.=CPU" -n 128 -p 0 -r 3 -o json
11:43:12   ok  tok/s=8.429962  wall=71.5s  settle=30.3s  temp 44->49
11:43:43 [30B] 4fb71a41bb64cd67 block 5 matrix AB_ngl: C:/Users/Federico/Documents/evo-compress/tools/llamacpp-b10098/llama-bench.exe -m D:/evo-compress-data/gguf/Qwen3-30B-A3B-Q2_K.gguf -ngl 99 -ub 2048 -t 4 -ctk q8_0 -ctv f16 -b 2048 -mmp 0 -fa 1 -ot exps=CPU -n 128 -p 0 -r 3 -o json
11:44:34   ok  tok/s=15.151956  wall=51.2s  settle=30.3s  temp 45->48
11:45:05 [30B] 4b85b3acd35a5c8e block 5 matrix AB_t: C:/Users/Federico/Documents/evo-compress/tools/llamacpp-b10098/llama-bench.exe -m D:/evo-compress-data/gguf/Qwen3-30B-A3B-Q2_K.gguf -ngl 99 -ub 2048 -t 4 -ctk q8_0 -ctv f16 -b 2048 -mmp 0 -fa 1 -ot exps=CPU -n 128 -p 0 -r 3 -o json
11:46:08   ok  tok/s=15.01892  wall=62.1s  settle=30.4s  temp 45->47
11:46:38 [30B] 0d2f14e0a3e33f0c block 5 matrix AB_ctk: C:/Users/Federico/Documents/evo-compress/tools/llamacpp-b10098/llama-bench.exe -m D:/evo-compress-data/gguf/Qwen3-30B-A3B-Q2_K.gguf -ngl 99 -ub 2048 -t 4 -ctk q8_0 -ctv f16 -b 2048 -mmp 0 -fa 1 -ot exps=CPU -n 128 -p 0 -r 3 -o json
11:47:39   ok  tok/s=15.710622  wall=60.9s  settle=30.4s  temp 44->47
11:48:10 [30B] 77e723dc132959d6 block 5 matrix AB_mmp: C:/Users/Federico/Documents/evo-compress/tools/llamacpp-b10098/llama-bench.exe -m D:/evo-compress-data/gguf/Qwen3-30B-A3B-Q2_K.gguf -ngl 99 -ub 2048 -t 4 -ctk q8_0 -ctv f16 -b 2048 -mmp 1 -fa 1 -ot exps=CPU -n 128 -p 0 -r 3 -o json
11:49:36   ok  tok/s=6.928444  wall=85.9s  settle=30.4s  temp 44->45
11:50:07 [30B] e1b34675efc5453c block 5 matrix AB_moe_cpu_frac: C:/Users/Federico/Documents/evo-compress/tools/llamacpp-b10098/llama-bench.exe -m D:/evo-compress-data/gguf/Qwen3-30B-A3B-Q2_K.gguf -ngl 99 -ub 2048 -t 4 -ctk q8_0 -ctv f16 -b 2048 -mmp 0 -fa 1 -ot "blk\.(8|9|10|11|12|13|14|15|16|17|18|19|20|21|22|23|24|25|26|27|28|29|30|31|32|33|34|35|36|37|38|39|40|41|42|43|44|45|46|47)\.ffn_.*_exps\.=CPU" -n 128 -p 0 -r 3 -o json
11:50:53   ok  tok/s=16.921636  wall=45.7s  settle=30.4s  temp 44->51
11:51:24 [30B] b4920ba41ccd1dcf block 6 matrix A: C:/Users/Federico/Documents/evo-compress/tools/llamacpp-b10098/llama-bench.exe -m D:/evo-compress-data/gguf/Qwen3-30B-A3B-Q2_K.gguf -ngl 0 -ub 2048 -t 3 -ctk f16 -ctv f16 -b 2048 -mmp 1 -fa 1 -ot exps=CPU -n 128 -p 0 -r 3 -o json
11:52:58   ok  tok/s=6.268864  wall=94.3s  settle=30.4s  temp 46->42
11:53:29 [30B] 94552de5a333f910 block 6 matrix B: C:/Users/Federico/Documents/evo-compress/tools/llamacpp-b10098/llama-bench.exe -m D:/evo-compress-data/gguf/Qwen3-30B-A3B-Q2_K.gguf -ngl 0 -ub 2048 -t 4 -ctk f16 -ctv f16 -b 2048 -mmp 1 -fa 1 -ot "blk\.(12|13|14|15|16|17|18|19|20|21|22|23|24|25|26|27|28|29|30|31|32|33|34|35|36|37|38|39|40|41|42|43|44|45|46|47)\.ffn_.*_exps\.=CPU" -n 128 -p 0 -r 3 -o json
11:53:59   ok  tok/s=13.449055  wall=30.2s  settle=30.3s  temp 41->41
11:54:30 [30B] b32ac7da48ad3bae block 6 matrix AB_ngl: C:/Users/Federico/Documents/evo-compress/tools/llamacpp-b10098/llama-bench.exe -m D:/evo-compress-data/gguf/Qwen3-30B-A3B-Q2_K.gguf -ngl 0 -ub 2048 -t 3 -ctk f16 -ctv f16 -b 2048 -mmp 1 -fa 1 -ot exps=CPU -n 128 -p 0 -r 3 -o json
11:55:02   ok  tok/s=12.625729  wall=32.0s  settle=30.3s  temp 40->40
11:55:33 [30B] 93678d9e1315e0ae block 6 matrix AB_t: C:/Users/Federico/Documents/evo-compress/tools/llamacpp-b10098/llama-bench.exe -m D:/evo-compress-data/gguf/Qwen3-30B-A3B-Q2_K.gguf -ngl 0 -ub 2048 -t 4 -ctk f16 -ctv f16 -b 2048 -mmp 1 -fa 1 -ot exps=CPU -n 128 -p 0 -r 3 -o json
11:56:02   ok  tok/s=13.824529  wall=29.3s  settle=30.4s  temp 40->40
11:56:33 [30B] a933d513a6b48452 block 6 matrix AB_ctk: C:/Users/Federico/Documents/evo-compress/tools/llamacpp-b10098/llama-bench.exe -m D:/evo-compress-data/gguf/Qwen3-30B-A3B-Q2_K.gguf -ngl 0 -ub 2048 -t 3 -ctk f16 -ctv f16 -b 2048 -mmp 1 -fa 1 -ot exps=CPU -n 128 -p 0 -r 3 -o json
11:57:05   ok  tok/s=12.617128  wall=32.1s  settle=30.4s  temp 39->39
11:57:36 [30B] 2cdeeeb9b933894f block 6 matrix AB_mmp: C:/Users/Federico/Documents/evo-compress/tools/llamacpp-b10098/llama-bench.exe -m D:/evo-compress-data/gguf/Qwen3-30B-A3B-Q2_K.gguf -ngl 0 -ub 2048 -t 3 -ctk f16 -ctv f16 -b 2048 -mmp 1 -fa 1 -ot exps=CPU -n 128 -p 0 -r 3 -o json
11:58:08   ok  tok/s=12.774848  wall=31.7s  settle=30.4s  temp 38->39
11:58:38 [30B] 6468e16043974139 block 6 matrix AB_moe_cpu_frac: C:/Users/Federico/Documents/evo-compress/tools/llamacpp-b10098/llama-bench.exe -m D:/evo-compress-data/gguf/Qwen3-30B-A3B-Q2_K.gguf -ngl 0 -ub 2048 -t 3 -ctk f16 -ctv f16 -b 2048 -mmp 1 -fa 1 -ot "blk\.(12|13|14|15|16|17|18|19|20|21|22|23|24|25|26|27|28|29|30|31|32|33|34|35|36|37|38|39|40|41|42|43|44|45|46|47)\.ffn_.*_exps\.=CPU" -n 128 -p 0 -r 3 -o json
11:59:10   ok  tok/s=12.76652  wall=31.8s  settle=30.4s  temp 38->38
11:59:41 [30B] c7bf195f7c34d316 block 7 matrix A: C:/Users/Federico/Documents/evo-compress/tools/llamacpp-b10098/llama-bench.exe -m D:/evo-compress-data/gguf/Qwen3-30B-A3B-Q2_K.gguf -ngl 0 -ub 2048 -t 4 -ctk q8_0 -ctv f16 -b 2048 -mmp 0 -fa 1 -ot "blk\.(4|5|6|7|8|9|10|11|12|13|14|15|16|17|18|19|20|21|22|23|24|25|26|27|28|29|30|31|32|33|34|35|36|37|38|39|40|41|42|43|44|45|46|47)\.ffn_.*_exps\.=CPU" -n 128 -p 0 -r 3 -o json
12:00:35   ok  tok/s=13.84601  wall=54.4s  settle=30.4s  temp 38->38
12:01:06 [30B] 1abe987c5a897909 block 7 matrix B: C:/Users/Federico/Documents/evo-compress/tools/llamacpp-b10098/llama-bench.exe -m D:/evo-compress-data/gguf/Qwen3-30B-A3B-Q2_K.gguf -ngl 32 -ub 2048 -t 4 -ctk f16 -ctv f16 -b 2048 -mmp 1 -fa 1 -ot exps=CPU -n 128 -p 0 -r 3 -o json
12:02:29   ok  tok/s=7.541511  wall=82.2s  settle=30.3s  temp 37->41
12:02:59 [30B] 0a9dd3aac7aae113 block 7 matrix AB_ngl: C:/Users/Federico/Documents/evo-compress/tools/llamacpp-b10098/llama-bench.exe -m D:/evo-compress-data/gguf/Qwen3-30B-A3B-Q2_K.gguf -ngl 32 -ub 2048 -t 4 -ctk q8_0 -ctv f16 -b 2048 -mmp 0 -fa 1 -ot "blk\.(4|5|6|7|8|9|10|11|12|13|14|15|16|17|18|19|20|21|22|23|24|25|26|27|28|29|30|31|32|33|34|35|36|37|38|39|40|41|42|43|44|45|46|47)\.ffn_.*_exps\.=CPU" -n 128 -p 0 -r 3 -o json
12:03:49   ok  tok/s=16.534883  wall=49.6s  settle=30.4s  temp 42->45
12:04:20 [30B] 2d12bf545d31c5d9 block 7 matrix AB_t: C:/Users/Federico/Documents/evo-compress/tools/llamacpp-b10098/llama-bench.exe -m D:/evo-compress-data/gguf/Qwen3-30B-A3B-Q2_K.gguf -ngl 0 -ub 2048 -t 4 -ctk q8_0 -ctv f16 -b 2048 -mmp 0 -fa 1 -ot "blk\.(4|5|6|7|8|9|10|11|12|13|14|15|16|17|18|19|20|21|22|23|24|25|26|27|28|29|30|31|32|33|34|35|36|37|38|39|40|41|42|43|44|45|46|47)\.ffn_.*_exps\.=CPU" -n 128 -p 0 -r 3 -o json
12:05:24   ok  tok/s=13.844566  wall=64.1s  settle=30.4s  temp 42->41
12:05:55 [30B] e290498ed4d323e1 block 7 matrix AB_ctk: C:/Users/Federico/Documents/evo-compress/tools/llamacpp-b10098/llama-bench.exe -m D:/evo-compress-data/gguf/Qwen3-30B-A3B-Q2_K.gguf -ngl 0 -ub 2048 -t 4 -ctk f16 -ctv f16 -b 2048 -mmp 0 -fa 1 -ot "blk\.(4|5|6|7|8|9|10|11|12|13|14|15|16|17|18|19|20|21|22|23|24|25|26|27|28|29|30|31|32|33|34|35|36|37|38|39|40|41|42|43|44|45|46|47)\.ffn_.*_exps\.=CPU" -n 128 -p 0 -r 3 -o json
12:07:00   ok  tok/s=13.519406  wall=64.9s  settle=30.4s  temp 40->39
12:07:31 [30B] 9c70b3958ca22699 block 7 matrix AB_mmp: C:/Users/Federico/Documents/evo-compress/tools/llamacpp-b10098/llama-bench.exe -m D:/evo-compress-data/gguf/Qwen3-30B-A3B-Q2_K.gguf -ngl 0 -ub 2048 -t 4 -ctk q8_0 -ctv f16 -b 2048 -mmp 1 -fa 1 -ot "blk\.(4|5|6|7|8|9|10|11|12|13|14|15|16|17|18|19|20|21|22|23|24|25|26|27|28|29|30|31|32|33|34|35|36|37|38|39|40|41|42|43|44|45|46|47)\.ffn_.*_exps\.=CPU" -n 128 -p 0 -r 3 -o json
12:08:56   ok  tok/s=6.780077  wall=85.1s  settle=30.3s  temp 39->38
12:09:27 [30B] fdf7bd829acfbb80 block 7 matrix AB_moe_cpu_frac: C:/Users/Federico/Documents/evo-compress/tools/llamacpp-b10098/llama-bench.exe -m D:/evo-compress-data/gguf/Qwen3-30B-A3B-Q2_K.gguf -ngl 0 -ub 2048 -t 4 -ctk q8_0 -ctv f16 -b 2048 -mmp 0 -fa 1 -ot exps=CPU -n 128 -p 0 -r 3 -o json
12:10:22   ok  tok/s=13.94562  wall=55.0s  settle=30.3s  temp 37->38
12:10:53 [30B] 54e50990f5ad839c block 8 matrix A: C:/Users/Federico/Documents/evo-compress/tools/llamacpp-b10098/llama-bench.exe -m D:/evo-compress-data/gguf/Qwen3-30B-A3B-Q2_K.gguf -ngl 32 -ub 2048 -t 3 -ctk q8_0 -ctv f16 -b 2048 -mmp 0 -fa 1 -ot "blk\.(12|13|14|15|16|17|18|19|20|21|22|23|24|25|26|27|28|29|30|31|32|33|34|35|36|37|38|39|40|41|42|43|44|45|46|47)\.ffn_.*_exps\.=CPU" -n 128 -p 0 -r 3 -o json
12:11:54   ok  tok/s=15.779658  wall=60.6s  settle=30.3s  temp 37->41
12:12:24 [30B] 60dd79a33f59d421 block 8 matrix B: C:/Users/Federico/Documents/evo-compress/tools/llamacpp-b10098/llama-bench.exe -m D:/evo-compress-data/gguf/Qwen3-30B-A3B-Q2_K.gguf -ngl 99 -ub 2048 -t 3 -ctk q8_0 -ctv f16 -b 2048 -mmp 1 -fa 1 -ot "blk\.(8|9|10|11|12|13|14|15|16|17|18|19|20|21|22|23|24|25|26|27|28|29|30|31|32|33|34|35|36|37|38|39|40|41|42|43|44|45|46|47)\.ffn_.*_exps\.=CPU" -n 128 -p 0 -r 3 -o json
12:13:55   ok  tok/s=6.956981  wall=90.1s  settle=30.4s  temp 39->45
12:14:25 [30B] ea1dfe9c022df4fc block 8 matrix AB_ngl: C:/Users/Federico/Documents/evo-compress/tools/llamacpp-b10098/llama-bench.exe -m D:/evo-compress-data/gguf/Qwen3-30B-A3B-Q2_K.gguf -ngl 99 -ub 2048 -t 3 -ctk q8_0 -ctv f16 -b 2048 -mmp 0 -fa 1 -ot "blk\.(12|13|14|15|16|17|18|19|20|21|22|23|24|25|26|27|28|29|30|31|32|33|34|35|36|37|38|39|40|41|42|43|44|45|46|47)\.ffn_.*_exps\.=CPU" -n 128 -p 0 -r 3 -o json
12:15:10   ok  tok/s=16.781337  wall=44.2s  settle=30.3s  temp 45->50
12:15:41 [30B] 4cb2de5c427cf771 block 8 matrix AB_t: C:/Users/Federico/Documents/evo-compress/tools/llamacpp-b10098/llama-bench.exe -m D:/evo-compress-data/gguf/Qwen3-30B-A3B-Q2_K.gguf -ngl 32 -ub 2048 -t 3 -ctk q8_0 -ctv f16 -b 2048 -mmp 0 -fa 1 -ot "blk\.(12|13|14|15|16|17|18|19|20|21|22|23|24|25|26|27|28|29|30|31|32|33|34|35|36|37|38|39|40|41|42|43|44|45|46|47)\.ffn_.*_exps\.=CPU" -n 128 -p 0 -r 3 -o json
12:16:42   ok  tok/s=15.641049  wall=61.2s  settle=30.4s  temp 46->48
12:17:13 [30B] 6d49e831ff889c17 block 8 matrix AB_ctk: C:/Users/Federico/Documents/evo-compress/tools/llamacpp-b10098/llama-bench.exe -m D:/evo-compress-data/gguf/Qwen3-30B-A3B-Q2_K.gguf -ngl 32 -ub 2048 -t 3 -ctk q8_0 -ctv f16 -b 2048 -mmp 0 -fa 1 -ot "blk\.(12|13|14|15|16|17|18|19|20|21|22|23|24|25|26|27|28|29|30|31|32|33|34|35|36|37|38|39|40|41|42|43|44|45|46|47)\.ffn_.*_exps\.=CPU" -n 128 -p 0 -r 3 -o json
12:18:14   ok  tok/s=15.621926  wall=61.0s  settle=30.4s  temp 44->47
12:18:45 [30B] 0057cfd9e8a0cd3b block 8 matrix AB_mmp: C:/Users/Federico/Documents/evo-compress/tools/llamacpp-b10098/llama-bench.exe -m D:/evo-compress-data/gguf/Qwen3-30B-A3B-Q2_K.gguf -ngl 32 -ub 2048 -t 3 -ctk q8_0 -ctv f16 -b 2048 -mmp 1 -fa 1 -ot "blk\.(12|13|14|15|16|17|18|19|20|21|22|23|24|25|26|27|28|29|30|31|32|33|34|35|36|37|38|39|40|41|42|43|44|45|46|47)\.ffn_.*_exps\.=CPU" -n 128 -p 0 -r 3 -o json
12:20:33   ok  tok/s=5.943947  wall=107.8s  settle=30.4s  temp 44->44
12:21:03 [30B] d6856996c2805560 block 8 matrix AB_moe_cpu_frac: C:/Users/Federico/Documents/evo-compress/tools/llamacpp-b10098/llama-bench.exe -m D:/evo-compress-data/gguf/Qwen3-30B-A3B-Q2_K.gguf -ngl 32 -ub 2048 -t 3 -ctk q8_0 -ctv f16 -b 2048 -mmp 0 -fa 1 -ot "blk\.(8|9|10|11|12|13|14|15|16|17|18|19|20|21|22|23|24|25|26|27|28|29|30|31|32|33|34|35|36|37|38|39|40|41|42|43|44|45|46|47)\.ffn_.*_exps\.=CPU" -n 128 -p 0 -r 3 -o json
12:21:55   ok  tok/s=15.310684  wall=51.5s  settle=30.4s  temp 42->45
12:22:26 [30B] 82eccb8b396e139b block 9 matrix A: C:/Users/Federico/Documents/evo-compress/tools/llamacpp-b10098/llama-bench.exe -m D:/evo-compress-data/gguf/Qwen3-30B-A3B-Q2_K.gguf -ngl 0 -ub 2048 -t 4 -ctk f16 -ctv f16 -b 2048 -mmp 0 -fa 1 -ot exps=CPU -n 128 -p 0 -r 3 -o json
12:23:30   ok  tok/s=13.654306  wall=64.5s  settle=30.4s  temp 43->41
12:24:01 [30B] 633b0d279849c7ed block 9 matrix B: C:/Users/Federico/Documents/evo-compress/tools/llamacpp-b10098/llama-bench.exe -m D:/evo-compress-data/gguf/Qwen3-30B-A3B-Q2_K.gguf -ngl 32 -ub 2048 -t 4 -ctk f16 -ctv f16 -b 2048 -mmp 0 -fa 1 -ot "blk\.(4|5|6|7|8|9|10|11|12|13|14|15|16|17|18|19|20|21|22|23|24|25|26|27|28|29|30|31|32|33|34|35|36|37|38|39|40|41|42|43|44|45|46|47)\.ffn_.*_exps\.=CPU" -n 128 -p 0 -r 3 -o json
12:24:59   ok  tok/s=18.193519  wall=57.4s  settle=30.3s  temp 40->44
12:25:30 [30B] 2763eb87acc70e43 block 9 matrix AB_ngl: C:/Users/Federico/Documents/evo-compress/tools/llamacpp-b10098/llama-bench.exe -m D:/evo-compress-data/gguf/Qwen3-30B-A3B-Q2_K.gguf -ngl 32 -ub 2048 -t 4 -ctk f16 -ctv f16 -b 2048 -mmp 0 -fa 1 -ot exps=CPU -n 128 -p 0 -r 3 -o json
12:26:28   ok  tok/s=17.866551  wall=57.9s  settle=30.4s  temp 41->44
12:26:59 [30B] 4badbc7163697387 block 9 matrix AB_t: C:/Users/Federico/Documents/evo-compress/tools/llamacpp-b10098/llama-bench.exe -m D:/evo-compress-data/gguf/Qwen3-30B-A3B-Q2_K.gguf -ngl 0 -ub 2048 -t 4 -ctk f16 -ctv f16 -b 2048 -mmp 0 -fa 1 -ot exps=CPU -n 128 -p 0 -r 3 -o json
12:28:03   ok  tok/s=13.843341  wall=64.2s  settle=30.4s  temp 42->40
12:28:34 [30B] e8c89acff73eba1a block 9 matrix AB_ctk: C:/Users/Federico/Documents/evo-compress/tools/llamacpp-b10098/llama-bench.exe -m D:/evo-compress-data/gguf/Qwen3-30B-A3B-Q2_K.gguf -ngl 0 -ub 2048 -t 4 -ctk f16 -ctv f16 -b 2048 -mmp 0 -fa 1 -ot exps=CPU -n 128 -p 0 -r 3 -o json
12:29:39   ok  tok/s=13.539974  wall=64.8s  settle=30.3s  temp 40->39
12:30:10 [30B] 2e0129913cb4f19f block 9 matrix AB_mmp: C:/Users/Federico/Documents/evo-compress/tools/llamacpp-b10098/llama-bench.exe -m D:/evo-compress-data/gguf/Qwen3-30B-A3B-Q2_K.gguf -ngl 0 -ub 2048 -t 4 -ctk f16 -ctv f16 -b 2048 -mmp 0 -fa 1 -ot exps=CPU -n 128 -p 0 -r 3 -o json
12:31:15   ok  tok/s=13.460103  wall=64.9s  settle=30.4s  temp 38->38
12:31:46 [30B] 0d9a4ba74b98ff9c block 9 matrix AB_moe_cpu_frac: C:/Users/Federico/Documents/evo-compress/tools/llamacpp-b10098/llama-bench.exe -m D:/evo-compress-data/gguf/Qwen3-30B-A3B-Q2_K.gguf -ngl 0 -ub 2048 -t 4 -ctk f16 -ctv f16 -b 2048 -mmp 0 -fa 1 -ot "blk\.(4|5|6|7|8|9|10|11|12|13|14|15|16|17|18|19|20|21|22|23|24|25|26|27|28|29|30|31|32|33|34|35|36|37|38|39|40|41|42|43|44|45|46|47)\.ffn_.*_exps\.=CPU" -n 128 -p 0 -r 3 -o json
12:32:51   ok  tok/s=13.360006  wall=65.1s  settle=30.3s  temp 38->38
12:33:22 [30B] 32e26a0686ef653a block 10 matrix A: C:/Users/Federico/Documents/evo-compress/tools/llamacpp-b10098/llama-bench.exe -m D:/evo-compress-data/gguf/Qwen3-30B-A3B-Q2_K.gguf -ngl 32 -ub 2048 -t 3 -ctk q8_0 -ctv f16 -b 2048 -mmp 1 -fa 1 -ot "blk\.(8|9|10|11|12|13|14|15|16|17|18|19|20|21|22|23|24|25|26|27|28|29|30|31|32|33|34|35|36|37|38|39|40|41|42|43|44|45|46|47)\.ffn_.*_exps\.=CPU" -n 128 -p 0 -r 3 -o json
12:35:08   ok  tok/s=5.786662  wall=106.5s  settle=30.4s  temp 37->41
12:35:39 [30B] dfb59d2b46d45309 block 10 matrix B: C:/Users/Federico/Documents/evo-compress/tools/llamacpp-b10098/llama-bench.exe -m D:/evo-compress-data/gguf/Qwen3-30B-A3B-Q2_K.gguf -ngl 99 -ub 2048 -t 3 -ctk q8_0 -ctv f16 -b 2048 -mmp 0 -fa 1 -ot "blk\.(8|9|10|11|12|13|14|15|16|17|18|19|20|21|22|23|24|25|26|27|28|29|30|31|32|33|34|35|36|37|38|39|40|41|42|43|44|45|46|47)\.ffn_.*_exps\.=CPU" -n 128 -p 0 -r 3 -o json
12:36:25   ok  tok/s=16.449311  wall=46.0s  settle=30.4s  temp 40->46
12:36:56 [30B] b898b239f2acf62e block 10 matrix AB_ngl: C:/Users/Federico/Documents/evo-compress/tools/llamacpp-b10098/llama-bench.exe -m D:/evo-compress-data/gguf/Qwen3-30B-A3B-Q2_K.gguf -ngl 99 -ub 2048 -t 3 -ctk q8_0 -ctv f16 -b 2048 -mmp 1 -fa 1 -ot "blk\.(8|9|10|11|12|13|14|15|16|17|18|19|20|21|22|23|24|25|26|27|28|29|30|31|32|33|34|35|36|37|38|39|40|41|42|43|44|45|46|47)\.ffn_.*_exps\.=CPU" -n 128 -p 0 -r 3 -o json
12:38:10   ok  tok/s=8.227636  wall=73.9s  settle=30.4s  temp 42->48
12:38:41 [30B] 5c2f1f51c0b7d68d block 10 matrix AB_t: C:/Users/Federico/Documents/evo-compress/tools/llamacpp-b10098/llama-bench.exe -m D:/evo-compress-data/gguf/Qwen3-30B-A3B-Q2_K.gguf -ngl 32 -ub 2048 -t 3 -ctk q8_0 -ctv f16 -b 2048 -mmp 1 -fa 1 -ot "blk\.(8|9|10|11|12|13|14|15|16|17|18|19|20|21|22|23|24|25|26|27|28|29|30|31|32|33|34|35|36|37|38|39|40|41|42|43|44|45|46|47)\.ffn_.*_exps\.=CPU" -n 128 -p 0 -r 3 -o json
12:39:11   ok  tok/s=13.536713  wall=30.4s  settle=30.4s  temp 44->46
12:39:42 [30B] ba0ecb3ba09d104e block 10 matrix AB_ctk: C:/Users/Federico/Documents/evo-compress/tools/llamacpp-b10098/llama-bench.exe -m D:/evo-compress-data/gguf/Qwen3-30B-A3B-Q2_K.gguf -ngl 32 -ub 2048 -t 3 -ctk q8_0 -ctv f16 -b 2048 -mmp 1 -fa 1 -ot "blk\.(8|9|10|11|12|13|14|15|16|17|18|19|20|21|22|23|24|25|26|27|28|29|30|31|32|33|34|35|36|37|38|39|40|41|42|43|44|45|46|47)\.ffn_.*_exps\.=CPU" -n 128 -p 0 -r 3 -o json
12:40:11   ok  tok/s=14.007498  wall=29.3s  settle=30.4s  temp 45->47
12:40:42 [30B] dd60842537525db6 block 10 matrix AB_mmp: C:/Users/Federico/Documents/evo-compress/tools/llamacpp-b10098/llama-bench.exe -m D:/evo-compress-data/gguf/Qwen3-30B-A3B-Q2_K.gguf -ngl 32 -ub 2048 -t 3 -ctk q8_0 -ctv f16 -b 2048 -mmp 0 -fa 1 -ot "blk\.(8|9|10|11|12|13|14|15|16|17|18|19|20|21|22|23|24|25|26|27|28|29|30|31|32|33|34|35|36|37|38|39|40|41|42|43|44|45|46|47)\.ffn_.*_exps\.=CPU" -n 128 -p 0 -r 3 -o json
12:41:32   ok  tok/s=15.82743  wall=49.7s  settle=30.4s  temp 46->48
12:42:03 [30B] 8e15fba4f063208b block 10 matrix AB_moe_cpu_frac: C:/Users/Federico/Documents/evo-compress/tools/llamacpp-b10098/llama-bench.exe -m D:/evo-compress-data/gguf/Qwen3-30B-A3B-Q2_K.gguf -ngl 32 -ub 2048 -t 3 -ctk q8_0 -ctv f16 -b 2048 -mmp 1 -fa 1 -ot "blk\.(8|9|10|11|12|13|14|15|16|17|18|19|20|21|22|23|24|25|26|27|28|29|30|31|32|33|34|35|36|37|38|39|40|41|42|43|44|45|46|47)\.ffn_.*_exps\.=CPU" -n 128 -p 0 -r 3 -o json
12:43:47   ok  tok/s=5.904737  wall=104.0s  settle=30.4s  temp 46->46
12:44:17 [30B] 61a62ecf98fddaf0 block 11 matrix A: C:/Users/Federico/Documents/evo-compress/tools/llamacpp-b10098/llama-bench.exe -m D:/evo-compress-data/gguf/Qwen3-30B-A3B-Q2_K.gguf -ngl 16 -ub 2048 -t 2 -ctk q8_0 -ctv f16 -b 2048 -mmp 1 -fa 1 -ot exps=CPU -n 128 -p 0 -r 3 -o json
12:45:01   ok  tok/s=9.331089  wall=43.4s  settle=30.3s  temp 45->45
12:45:32 [30B] fa916d1fd11651f1 block 11 matrix B: C:/Users/Federico/Documents/evo-compress/tools/llamacpp-b10098/llama-bench.exe -m D:/evo-compress-data/gguf/Qwen3-30B-A3B-Q2_K.gguf -ngl 16 -ub 2048 -t 4 -ctk q8_0 -ctv f16 -b 2048 -mmp 1 -fa 1 -ot "blk\.(12|13|14|15|16|17|18|19|20|21|22|23|24|25|26|27|28|29|30|31|32|33|34|35|36|37|38|39|40|41|42|43|44|45|46|47)\.ffn_.*_exps\.=CPU" -n 128 -p 0 -r 3 -o json
12:46:00   ok  tok/s=14.284477  wall=28.6s  settle=30.4s  temp 44->46
12:46:31 [30B] af40cb51950c04b8 block 11 matrix AB_ngl: C:/Users/Federico/Documents/evo-compress/tools/llamacpp-b10098/llama-bench.exe -m D:/evo-compress-data/gguf/Qwen3-30B-A3B-Q2_K.gguf -ngl 16 -ub 2048 -t 2 -ctk q8_0 -ctv f16 -b 2048 -mmp 1 -fa 1 -ot exps=CPU -n 128 -p 0 -r 3 -o json
12:47:11   ok  tok/s=10.234785  wall=39.6s  settle=30.3s  temp 45->46
12:47:41 [30B] f6821b52fa3cfe24 block 11 matrix AB_t: C:/Users/Federico/Documents/evo-compress/tools/llamacpp-b10098/llama-bench.exe -m D:/evo-compress-data/gguf/Qwen3-30B-A3B-Q2_K.gguf -ngl 16 -ub 2048 -t 4 -ctk q8_0 -ctv f16 -b 2048 -mmp 1 -fa 1 -ot exps=CPU -n 128 -p 0 -r 3 -o json
12:48:09   ok  tok/s=15.163952  wall=27.3s  settle=30.4s  temp 45->47
12:48:40 [30B] dbe4fb0f9ca43c09 block 11 matrix AB_ctk: C:/Users/Federico/Documents/evo-compress/tools/llamacpp-b10098/llama-bench.exe -m D:/evo-compress-data/gguf/Qwen3-30B-A3B-Q2_K.gguf -ngl 16 -ub 2048 -t 2 -ctk q8_0 -ctv f16 -b 2048 -mmp 1 -fa 1 -ot exps=CPU -n 128 -p 0 -r 3 -o json
12:49:19   ok  tok/s=10.210423  wall=39.8s  settle=30.4s  temp 46->47
12:49:50 [30B] 96df009c19716b01 block 11 matrix AB_mmp: C:/Users/Federico/Documents/evo-compress/tools/llamacpp-b10098/llama-bench.exe -m D:/evo-compress-data/gguf/Qwen3-30B-A3B-Q2_K.gguf -ngl 16 -ub 2048 -t 2 -ctk q8_0 -ctv f16 -b 2048 -mmp 1 -fa 1 -ot exps=CPU -n 128 -p 0 -r 3 -o json
12:50:30   ok  tok/s=10.399478  wall=39.6s  settle=30.3s  temp 45->46
12:51:00 [30B] 00694fadd2ef6df5 block 11 matrix AB_moe_cpu_frac: C:/Users/Federico/Documents/evo-compress/tools/llamacpp-b10098/llama-bench.exe -m D:/evo-compress-data/gguf/Qwen3-30B-A3B-Q2_K.gguf -ngl 16 -ub 2048 -t 2 -ctk q8_0 -ctv f16 -b 2048 -mmp 1 -fa 1 -ot "blk\.(12|13|14|15|16|17|18|19|20|21|22|23|24|25|26|27|28|29|30|31|32|33|34|35|36|37|38|39|40|41|42|43|44|45|46|47)\.ffn_.*_exps\.=CPU" -n 128 -p 0 -r 3 -o json
12:51:40   ok  tok/s=10.373278  wall=39.6s  settle=30.4s  temp 45->46
12:52:11 [30B] 93f8845697ef0e72 block 12 matrix A: C:/Users/Federico/Documents/evo-compress/tools/llamacpp-b10098/llama-bench.exe -m D:/evo-compress-data/gguf/Qwen3-30B-A3B-Q2_K.gguf -ngl 16 -ub 2048 -t 2 -ctk f16 -ctv f16 -b 2048 -mmp 0 -fa 1 -ot "blk\.(4|5|6|7|8|9|10|11|12|13|14|15|16|17|18|19|20|21|22|23|24|25|26|27|28|29|30|31|32|33|34|35|36|37|38|39|40|41|42|43|44|45|46|47)\.ffn_.*_exps\.=CPU" -n 128 -p 0 -r 3 -o json
12:53:06   ok  tok/s=12.926405  wall=55.2s  settle=30.3s  temp 45->47
12:53:37 [30B] f364b1db8a592e34 block 12 matrix B: C:/Users/Federico/Documents/evo-compress/tools/llamacpp-b10098/llama-bench.exe -m D:/evo-compress-data/gguf/Qwen3-30B-A3B-Q2_K.gguf -ngl 0 -ub 2048 -t 2 -ctk q8_0 -ctv f16 -b 2048 -mmp 0 -fa 1 -ot "blk\.(8|9|10|11|12|13|14|15|16|17|18|19|20|21|22|23|24|25|26|27|28|29|30|31|32|33|34|35|36|37|38|39|40|41|42|43|44|45|46|47)\.ffn_.*_exps\.=CPU" -n 128 -p 0 -r 3 -o json
12:54:53   ok  tok/s=9.91838  wall=75.6s  settle=30.4s  temp 45->42
12:55:24 [30B] 6e921c869f17e36f block 12 matrix AB_ngl: C:/Users/Federico/Documents/evo-compress/tools/llamacpp-b10098/llama-bench.exe -m D:/evo-compress-data/gguf/Qwen3-30B-A3B-Q2_K.gguf -ngl 0 -ub 2048 -t 2 -ctk f16 -ctv f16 -b 2048 -mmp 0 -fa 1 -ot "blk\.(4|5|6|7|8|9|10|11|12|13|14|15|16|17|18|19|20|21|22|23|24|25|26|27|28|29|30|31|32|33|34|35|36|37|38|39|40|41|42|43|44|45|46|47)\.ffn_.*_exps\.=CPU" -n 128 -p 0 -r 3 -o json
12:56:39   ok  tok/s=10.073232  wall=74.5s  settle=30.3s  temp 41->40
12:57:10 [30B] 7f614eef85932501 block 12 matrix AB_t: C:/Users/Federico/Documents/evo-compress/tools/llamacpp-b10098/llama-bench.exe -m D:/evo-compress-data/gguf/Qwen3-30B-A3B-Q2_K.gguf -ngl 16 -ub 2048 -t 2 -ctk f16 -ctv f16 -b 2048 -mmp 0 -fa 1 -ot "blk\.(4|5|6|7|8|9|10|11|12|13|14|15|16|17|18|19|20|21|22|23|24|25|26|27|28|29|30|31|32|33|34|35|36|37|38|39|40|41|42|43|44|45|46|47)\.ffn_.*_exps\.=CPU" -n 128 -p 0 -r 3 -o json
12:58:17   ok  tok/s=12.376052  wall=67.5s  settle=30.3s  temp 40->42
12:58:48 [30B] 12bf48723abcef93 block 12 matrix AB_ctk: C:/Users/Federico/Documents/evo-compress/tools/llamacpp-b10098/llama-bench.exe -m D:/evo-compress-data/gguf/Qwen3-30B-A3B-Q2_K.gguf -ngl 16 -ub 2048 -t 2 -ctk q8_0 -ctv f16 -b 2048 -mmp 0 -fa 1 -ot "blk\.(4|5|6|7|8|9|10|11|12|13|14|15|16|17|18|19|20|21|22|23|24|25|26|27|28|29|30|31|32|33|34|35|36|37|38|39|40|41|42|43|44|45|46|47)\.ffn_.*_exps\.=CPU" -n 128 -p 0 -r 3 -o json
12:59:58   ok  tok/s=11.531394  wall=70.2s  settle=30.4s  temp 43->44
13:00:29 [30B] 7de906c756df9838 block 12 matrix AB_mmp: C:/Users/Federico/Documents/evo-compress/tools/llamacpp-b10098/llama-bench.exe -m D:/evo-compress-data/gguf/Qwen3-30B-A3B-Q2_K.gguf -ngl 16 -ub 2048 -t 2 -ctk f16 -ctv f16 -b 2048 -mmp 0 -fa 1 -ot "blk\.(4|5|6|7|8|9|10|11|12|13|14|15|16|17|18|19|20|21|22|23|24|25|26|27|28|29|30|31|32|33|34|35|36|37|38|39|40|41|42|43|44|45|46|47)\.ffn_.*_exps\.=CPU" -n 128 -p 0 -r 3 -o json
13:01:39   ok  tok/s=11.723613  wall=69.4s  settle=30.4s  temp 45->45
13:02:10 [30B] 60cbd975587f4da5 block 12 matrix AB_moe_cpu_frac: C:/Users/Federico/Documents/evo-compress/tools/llamacpp-b10098/llama-bench.exe -m D:/evo-compress-data/gguf/Qwen3-30B-A3B-Q2_K.gguf -ngl 16 -ub 2048 -t 2 -ctk f16 -ctv f16 -b 2048 -mmp 0 -fa 1 -ot "blk\.(8|9|10|11|12|13|14|15|16|17|18|19|20|21|22|23|24|25|26|27|28|29|30|31|32|33|34|35|36|37|38|39|40|41|42|43|44|45|46|47)\.ffn_.*_exps\.=CPU" -n 128 -p 0 -r 3 -o json
13:03:20   ok  tok/s=11.60856  wall=69.9s  settle=30.4s  temp 45->44
13:03:51 [30B] e1d520d708aca57c block 13 matrix A: C:/Users/Federico/Documents/evo-compress/tools/llamacpp-b10098/llama-bench.exe -m D:/evo-compress-data/gguf/Qwen3-30B-A3B-Q2_K.gguf -ngl 16 -ub 2048 -t 1 -ctk q8_0 -ctv f16 -b 2048 -mmp 0 -fa 1 -ot "blk\.(8|9|10|11|12|13|14|15|16|17|18|19|20|21|22|23|24|25|26|27|28|29|30|31|32|33|34|35|36|37|38|39|40|41|42|43|44|45|46|47)\.ffn_.*_exps\.=CPU" -n 128 -p 0 -r 3 -o json
13:05:37   ok  tok/s=5.55941  wall=105.7s  settle=30.3s  temp 43->41
13:06:07 [30B] 371b34f389d28274 block 13 matrix B: C:/Users/Federico/Documents/evo-compress/tools/llamacpp-b10098/llama-bench.exe -m D:/evo-compress-data/gguf/Qwen3-30B-A3B-Q2_K.gguf -ngl 16 -ub 2048 -t 4 -ctk q8_0 -ctv f16 -b 2048 -mmp 1 -fa 1 -ot "blk\.(8|9|10|11|12|13|14|15|16|17|18|19|20|21|22|23|24|25|26|27|28|29|30|31|32|33|34|35|36|37|38|39|40|41|42|43|44|45|46|47)\.ffn_.*_exps\.=CPU" -n 128 -p 0 -r 3 -o json
13:07:35   ok  tok/s=7.008485  wall=87.8s  settle=30.4s  temp 40->41
13:08:06 [30B] d0b08e09f53c6c4c block 13 matrix AB_ngl: C:/Users/Federico/Documents/evo-compress/tools/llamacpp-b10098/llama-bench.exe -m D:/evo-compress-data/gguf/Qwen3-30B-A3B-Q2_K.gguf -ngl 16 -ub 2048 -t 1 -ctk q8_0 -ctv f16 -b 2048 -mmp 0 -fa 1 -ot "blk\.(8|9|10|11|12|13|14|15|16|17|18|19|20|21|22|23|24|25|26|27|28|29|30|31|32|33|34|35|36|37|38|39|40|41|42|43|44|45|46|47)\.ffn_.*_exps\.=CPU" -n 128 -p 0 -r 3 -o json
13:09:44   ok  tok/s=5.421025  wall=98.2s  settle=30.4s  temp 41->40
13:10:15 [30B] e6b74970ea4d9f6b block 13 matrix AB_t: C:/Users/Federico/Documents/evo-compress/tools/llamacpp-b10098/llama-bench.exe -m D:/evo-compress-data/gguf/Qwen3-30B-A3B-Q2_K.gguf -ngl 16 -ub 2048 -t 4 -ctk q8_0 -ctv f16 -b 2048 -mmp 0 -fa 1 -ot "blk\.(8|9|10|11|12|13|14|15|16|17|18|19|20|21|22|23|24|25|26|27|28|29|30|31|32|33|34|35|36|37|38|39|40|41|42|43|44|45|46|47)\.ffn_.*_exps\.=CPU" -n 128 -p 0 -r 3 -o json
13:11:15   ok  tok/s=16.748853  wall=59.3s  settle=30.4s  temp 40->43
13:11:46 [30B] caba2092000e455a block 13 matrix AB_ctk: C:/Users/Federico/Documents/evo-compress/tools/llamacpp-b10098/llama-bench.exe -m D:/evo-compress-data/gguf/Qwen3-30B-A3B-Q2_K.gguf -ngl 16 -ub 2048 -t 1 -ctk q8_0 -ctv f16 -b 2048 -mmp 0 -fa 1 -ot "blk\.(8|9|10|11|12|13|14|15|16|17|18|19|20|21|22|23|24|25|26|27|28|29|30|31|32|33|34|35|36|37|38|39|40|41|42|43|44|45|46|47)\.ffn_.*_exps\.=CPU" -n 128 -p 0 -r 3 -o json
13:13:33   ok  tok/s=5.474133  wall=107.0s  settle=30.4s  temp 40->39
13:14:04 [30B] 0f9f6d30b97d23bf block 13 matrix AB_mmp: C:/Users/Federico/Documents/evo-compress/tools/llamacpp-b10098/llama-bench.exe -m D:/evo-compress-data/gguf/Qwen3-30B-A3B-Q2_K.gguf -ngl 16 -ub 2048 -t 1 -ctk q8_0 -ctv f16 -b 2048 -mmp 1 -fa 1 -ot "blk\.(8|9|10|11|12|13|14|15|16|17|18|19|20|21|22|23|24|25|26|27|28|29|30|31|32|33|34|35|36|37|38|39|40|41|42|43|44|45|46|47)\.ffn_.*_exps\.=CPU" -n 128 -p 0 -r 3 -o json
13:16:22   ok  tok/s=3.457817  wall=138.6s  settle=30.4s  temp 38->38
13:16:53 [30B] 32ff95a52759ae77 block 13 matrix AB_moe_cpu_frac: C:/Users/Federico/Documents/evo-compress/tools/llamacpp-b10098/llama-bench.exe -m D:/evo-compress-data/gguf/Qwen3-30B-A3B-Q2_K.gguf -ngl 16 -ub 2048 -t 1 -ctk q8_0 -ctv f16 -b 2048 -mmp 0 -fa 1 -ot "blk\.(8|9|10|11|12|13|14|15|16|17|18|19|20|21|22|23|24|25|26|27|28|29|30|31|32|33|34|35|36|37|38|39|40|41|42|43|44|45|46|47)\.ffn_.*_exps\.=CPU" -n 128 -p 0 -r 3 -o json
13:18:30   ok  tok/s=5.485873  wall=97.0s  settle=30.3s  temp 37->37
13:19:01 [30B] 671bf968aa55d4ee block 14 matrix A: C:/Users/Federico/Documents/evo-compress/tools/llamacpp-b10098/llama-bench.exe -m D:/evo-compress-data/gguf/Qwen3-30B-A3B-Q2_K.gguf -ngl 99 -ub 2048 -t 4 -ctk f16 -ctv f16 -b 2048 -mmp 0 -fa 1 -ot exps=CPU -n 128 -p 0 -r 3 -o json
13:19:59   ok  tok/s=18.543398  wall=57.2s  settle=30.4s  temp 37->41
13:20:30 [30B] 1e66f4c3416e29d8 block 14 matrix B: C:/Users/Federico/Documents/evo-compress/tools/llamacpp-b10098/llama-bench.exe -m D:/evo-compress-data/gguf/Qwen3-30B-A3B-Q2_K.gguf -ngl 32 -ub 2048 -t 2 -ctk f16 -ctv f16 -b 2048 -mmp 1 -fa 1 -ot "blk\.(8|9|10|11|12|13|14|15|16|17|18|19|20|21|22|23|24|25|26|27|28|29|30|31|32|33|34|35|36|37|38|39|40|41|42|43|44|45|46|47)\.ffn_.*_exps\.=CPU" -n 128 -p 0 -r 3 -o json
13:22:30   ok  tok/s=5.502233  wall=120.4s  settle=30.4s  temp 39->41
13:23:01 [30B] ff51e6031fea7da3 block 14 matrix AB_ngl: C:/Users/Federico/Documents/evo-compress/tools/llamacpp-b10098/llama-bench.exe -m D:/evo-compress-data/gguf/Qwen3-30B-A3B-Q2_K.gguf -ngl 32 -ub 2048 -t 4 -ctk f16 -ctv f16 -b 2048 -mmp 0 -fa 1 -ot exps=CPU -n 128 -p 0 -r 3 -o json
13:23:48   ok  tok/s=18.07534  wall=47.4s  settle=30.4s  temp 39->43
13:24:19 [30B] 64f3a4d94150b397 block 14 matrix AB_t: C:/Users/Federico/Documents/evo-compress/tools/llamacpp-b10098/llama-bench.exe -m D:/evo-compress-data/gguf/Qwen3-30B-A3B-Q2_K.gguf -ngl 99 -ub 2048 -t 2 -ctk f16 -ctv f16 -b 2048 -mmp 0 -fa 1 -ot exps=CPU -n 128 -p 0 -r 3 -o json
13:25:23   ok  tok/s=14.165853  wall=63.6s  settle=30.4s  temp 41->44
13:25:54 [30B] 1fc5634189fb1eba block 14 matrix AB_ctk: C:/Users/Federico/Documents/evo-compress/tools/llamacpp-b10098/llama-bench.exe -m D:/evo-compress-data/gguf/Qwen3-30B-A3B-Q2_K.gguf -ngl 99 -ub 2048 -t 4 -ctk f16 -ctv f16 -b 2048 -mmp 0 -fa 1 -ot exps=CPU -n 128 -p 0 -r 3 -o json
13:26:51   ok  tok/s=18.204645  wall=57.6s  settle=30.4s  temp 42->45
13:27:22 [30B] e657bac23d282c8b block 14 matrix AB_mmp: C:/Users/Federico/Documents/evo-compress/tools/llamacpp-b10098/llama-bench.exe -m D:/evo-compress-data/gguf/Qwen3-30B-A3B-Q2_K.gguf -ngl 99 -ub 2048 -t 4 -ctk f16 -ctv f16 -b 2048 -mmp 1 -fa 1 -ot exps=CPU -n 128 -p 0 -r 3 -o json
13:28:39   ok  tok/s=8.099381  wall=76.9s  settle=30.4s  temp 42->44
13:29:10 [30B] 2788ca77601a0903 block 14 matrix AB_moe_cpu_frac: C:/Users/Federico/Documents/evo-compress/tools/llamacpp-b10098/llama-bench.exe -m D:/evo-compress-data/gguf/Qwen3-30B-A3B-Q2_K.gguf -ngl 99 -ub 2048 -t 4 -ctk f16 -ctv f16 -b 2048 -mmp 0 -fa 1 -ot "blk\.(8|9|10|11|12|13|14|15|16|17|18|19|20|21|22|23|24|25|26|27|28|29|30|31|32|33|34|35|36|37|38|39|40|41|42|43|44|45|46|47)\.ffn_.*_exps\.=CPU" -n 128 -p 0 -r 3 -o json
13:29:52   ok  tok/s=20.809763  wall=41.6s  settle=30.4s  temp 45->50
13:30:23 [30B] c8d5528050001fe8 block 15 matrix A: C:/Users/Federico/Documents/evo-compress/tools/llamacpp-b10098/llama-bench.exe -m D:/evo-compress-data/gguf/Qwen3-30B-A3B-Q2_K.gguf -ngl 0 -ub 2048 -t 3 -ctk f16 -ctv f16 -b 2048 -mmp 1 -fa 1 -ot "blk\.(4|5|6|7|8|9|10|11|12|13|14|15|16|17|18|19|20|21|22|23|24|25|26|27|28|29|30|31|32|33|34|35|36|37|38|39|40|41|42|43|44|45|46|47)\.ffn_.*_exps\.=CPU" -n 128 -p 0 -r 3 -o json
13:31:50   ok  tok/s=6.606592  wall=86.9s  settle=30.4s  temp 47->43
13:32:20 [30B] 5f89689696033883 block 15 matrix B: C:/Users/Federico/Documents/evo-compress/tools/llamacpp-b10098/llama-bench.exe -m D:/evo-compress-data/gguf/Qwen3-30B-A3B-Q2_K.gguf -ngl 0 -ub 2048 -t 2 -ctk f16 -ctv f16 -b 2048 -mmp 0 -fa 1 -ot exps=CPU -n 128 -p 0 -r 3 -o json
13:33:27   ok  tok/s=9.869127  wall=66.5s  settle=30.4s  temp 41->40
13:33:58 [30B] 0a1d69a8b0cd8361 block 15 matrix AB_ngl: C:/Users/Federico/Documents/evo-compress/tools/llamacpp-b10098/llama-bench.exe -m D:/evo-compress-data/gguf/Qwen3-30B-A3B-Q2_K.gguf -ngl 0 -ub 2048 -t 3 -ctk f16 -ctv f16 -b 2048 -mmp 1 -fa 1 -ot "blk\.(4|5|6|7|8|9|10|11|12|13|14|15|16|17|18|19|20|21|22|23|24|25|26|27|28|29|30|31|32|33|34|35|36|37|38|39|40|41|42|43|44|45|46|47)\.ffn_.*_exps\.=CPU" -n 128 -p 0 -r 3 -o json
13:35:38   ok  tok/s=5.896379  wall=100.4s  settle=30.3s  temp 40->38
13:36:09 [30B] e6d592fa87c75947 block 15 matrix AB_t: C:/Users/Federico/Documents/evo-compress/tools/llamacpp-b10098/llama-bench.exe -m D:/evo-compress-data/gguf/Qwen3-30B-A3B-Q2_K.gguf -ngl 0 -ub 2048 -t 2 -ctk f16 -ctv f16 -b 2048 -mmp 1 -fa 1 -ot "blk\.(4|5|6|7|8|9|10|11|12|13|14|15|16|17|18|19|20|21|22|23|24|25|26|27|28|29|30|31|32|33|34|35|36|37|38|39|40|41|42|43|44|45|46|47)\.ffn_.*_exps\.=CPU" -n 128 -p 0 -r 3 -o json
13:36:50   ok  tok/s=9.82525  wall=40.6s  settle=30.3s  temp 38->38
13:37:21 [30B] e94931bab6487e03 block 15 matrix AB_ctk: C:/Users/Federico/Documents/evo-compress/tools/llamacpp-b10098/llama-bench.exe -m D:/evo-compress-data/gguf/Qwen3-30B-A3B-Q2_K.gguf -ngl 0 -ub 2048 -t 3 -ctk f16 -ctv f16 -b 2048 -mmp 1 -fa 1 -ot "blk\.(4|5|6|7|8|9|10|11|12|13|14|15|16|17|18|19|20|21|22|23|24|25|26|27|28|29|30|31|32|33|34|35|36|37|38|39|40|41|42|43|44|45|46|47)\.ffn_.*_exps\.=CPU" -n 128 -p 0 -r 3 -o json
13:37:53   ok  tok/s=12.591319  wall=32.4s  settle=30.4s  temp 38->38
13:38:24 [30B] a9a49f189f4baa66 block 15 matrix AB_mmp: C:/Users/Federico/Documents/evo-compress/tools/llamacpp-b10098/llama-bench.exe -m D:/evo-compress-data/gguf/Qwen3-30B-A3B-Q2_K.gguf -ngl 0 -ub 2048 -t 3 -ctk f16 -ctv f16 -b 2048 -mmp 0 -fa 1 -ot "blk\.(4|5|6|7|8|9|10|11|12|13|14|15|16|17|18|19|20|21|22|23|24|25|26|27|28|29|30|31|32|33|34|35|36|37|38|39|40|41|42|43|44|45|46|47)\.ffn_.*_exps\.=CPU" -n 128 -p 0 -r 3 -o json
13:39:21   ok  tok/s=12.580876  wall=57.4s  settle=30.3s  temp 38->38
13:39:52 [30B] 947f62c2658c9eaa block 15 matrix AB_moe_cpu_frac: C:/Users/Federico/Documents/evo-compress/tools/llamacpp-b10098/llama-bench.exe -m D:/evo-compress-data/gguf/Qwen3-30B-A3B-Q2_K.gguf -ngl 0 -ub 2048 -t 3 -ctk f16 -ctv f16 -b 2048 -mmp 1 -fa 1 -ot exps=CPU -n 128 -p 0 -r 3 -o json
13:41:33   ok  tok/s=5.864279  wall=100.6s  settle=30.3s  temp 37->37
13:42:04 [30B] a9550b0eae3d35e3 block 16 matrix A: C:/Users/Federico/Documents/evo-compress/tools/llamacpp-b10098/llama-bench.exe -m D:/evo-compress-data/gguf/Qwen3-30B-A3B-Q2_K.gguf -ngl 32 -ub 2048 -t 2 -ctk q8_0 -ctv f16 -b 2048 -mmp 0 -fa 1 -ot "blk\.(8|9|10|11|12|13|14|15|16|17|18|19|20|21|22|23|24|25|26|27|28|29|30|31|32|33|34|35|36|37|38|39|40|41|42|43|44|45|46|47)\.ffn_.*_exps\.=CPU" -n 128 -p 0 -r 3 -o json
13:43:01   ok  tok/s=12.448045  wall=57.2s  settle=30.3s  temp 37->41
13:43:32 [30B] 3cced53586a9b51a block 16 matrix B: C:/Users/Federico/Documents/evo-compress/tools/llamacpp-b10098/llama-bench.exe -m D:/evo-compress-data/gguf/Qwen3-30B-A3B-Q2_K.gguf -ngl 0 -ub 2048 -t 3 -ctk q8_0 -ctv f16 -b 2048 -mmp 0 -fa 1 -ot "blk\.(4|5|6|7|8|9|10|11|12|13|14|15|16|17|18|19|20|21|22|23|24|25|26|27|28|29|30|31|32|33|34|35|36|37|38|39|40|41|42|43|44|45|46|47)\.ffn_.*_exps\.=CPU" -n 128 -p 0 -r 3 -o json
13:44:39   ok  tok/s=12.54078  wall=67.0s  settle=30.4s  temp 39->38
13:45:10 [30B] 1bc43f3d58bb128f block 16 matrix AB_ngl: C:/Users/Federico/Documents/evo-compress/tools/llamacpp-b10098/llama-bench.exe -m D:/evo-compress-data/gguf/Qwen3-30B-A3B-Q2_K.gguf -ngl 0 -ub 2048 -t 2 -ctk q8_0 -ctv f16 -b 2048 -mmp 0 -fa 1 -ot "blk\.(8|9|10|11|12|13|14|15|16|17|18|19|20|21|22|23|24|25|26|27|28|29|30|31|32|33|34|35|36|37|38|39|40|41|42|43|44|45|46|47)\.ffn_.*_exps\.=CPU" -n 128 -p 0 -r 3 -o json
13:46:25   ok  tok/s=9.965994  wall=74.9s  settle=30.3s  temp 38->37
13:46:56 [30B] 256a9bc9cd14e50f block 16 matrix AB_t: C:/Users/Federico/Documents/evo-compress/tools/llamacpp-b10098/llama-bench.exe -m D:/evo-compress-data/gguf/Qwen3-30B-A3B-Q2_K.gguf -ngl 32 -ub 2048 -t 3 -ctk q8_0 -ctv f16 -b 2048 -mmp 0 -fa 1 -ot "blk\.(8|9|10|11|12|13|14|15|16|17|18|19|20|21|22|23|24|25|26|27|28|29|30|31|32|33|34|35|36|37|38|39|40|41|42|43|44|45|46|47)\.ffn_.*_exps\.=CPU" -n 128 -p 0 -r 3 -o json
13:47:56   ok  tok/s=15.71234  wall=60.7s  settle=30.3s  temp 37->41
13:48:27 [30B] 37daaa0a76373e2b block 16 matrix AB_ctk: C:/Users/Federico/Documents/evo-compress/tools/llamacpp-b10098/llama-bench.exe -m D:/evo-compress-data/gguf/Qwen3-30B-A3B-Q2_K.gguf -ngl 32 -ub 2048 -t 2 -ctk q8_0 -ctv f16 -b 2048 -mmp 0 -fa 1 -ot "blk\.(8|9|10|11|12|13|14|15|16|17|18|19|20|21|22|23|24|25|26|27|28|29|30|31|32|33|34|35|36|37|38|39|40|41|42|43|44|45|46|47)\.ffn_.*_exps\.=CPU" -n 128 -p 0 -r 3 -o json
13:49:36   ok  tok/s=12.149934  wall=68.1s  settle=30.4s  temp 39->42
13:50:07 [30B] ee44e4f9705460cf block 16 matrix AB_mmp: C:/Users/Federico/Documents/evo-compress/tools/llamacpp-b10098/llama-bench.exe -m D:/evo-compress-data/gguf/Qwen3-30B-A3B-Q2_K.gguf -ngl 32 -ub 2048 -t 2 -ctk q8_0 -ctv f16 -b 2048 -mmp 0 -fa 1 -ot "blk\.(8|9|10|11|12|13|14|15|16|17|18|19|20|21|22|23|24|25|26|27|28|29|30|31|32|33|34|35|36|37|38|39|40|41|42|43|44|45|46|47)\.ffn_.*_exps\.=CPU" -n 128 -p 0 -r 3 -o json
13:51:15   ok  tok/s=12.170351  wall=68.0s  settle=30.4s  temp 43->44
13:51:46 [30B] b97bee67b19ac51c block 16 matrix AB_moe_cpu_frac: C:/Users/Federico/Documents/evo-compress/tools/llamacpp-b10098/llama-bench.exe -m D:/evo-compress-data/gguf/Qwen3-30B-A3B-Q2_K.gguf -ngl 32 -ub 2048 -t 2 -ctk q8_0 -ctv f16 -b 2048 -mmp 0 -fa 1 -ot "blk\.(4|5|6|7|8|9|10|11|12|13|14|15|16|17|18|19|20|21|22|23|24|25|26|27|28|29|30|31|32|33|34|35|36|37|38|39|40|41|42|43|44|45|46|47)\.ffn_.*_exps\.=CPU" -n 128 -p 0 -r 3 -o json
13:52:54   ok  tok/s=12.243716  wall=67.9s  settle=30.4s  temp 45->45
13:53:25 [30B] 3dfa58cec9267a5c block 17 matrix A: C:/Users/Federico/Documents/evo-compress/tools/llamacpp-b10098/llama-bench.exe -m D:/evo-compress-data/gguf/Qwen3-30B-A3B-Q2_K.gguf -ngl 32 -ub 2048 -t 4 -ctk f16 -ctv f16 -b 2048 -mmp 1 -fa 1 -ot "blk\.(12|13|14|15|16|17|18|19|20|21|22|23|24|25|26|27|28|29|30|31|32|33|34|35|36|37|38|39|40|41|42|43|44|45|46|47)\.ffn_.*_exps\.=CPU" -n 128 -p 0 -r 3 -o json
13:54:45   ok  tok/s=7.870935  wall=80.0s  settle=30.4s  temp 46->46
13:55:15 [30B] 37e2a5b9b7dabb5c block 17 matrix B: C:/Users/Federico/Documents/evo-compress/tools/llamacpp-b10098/llama-bench.exe -m D:/evo-compress-data/gguf/Qwen3-30B-A3B-Q2_K.gguf -ngl 0 -ub 2048 -t 3 -ctk f16 -ctv f16 -b 2048 -mmp 0 -fa 1 -ot "blk\.(12|13|14|15|16|17|18|19|20|21|22|23|24|25|26|27|28|29|30|31|32|33|34|35|36|37|38|39|40|41|42|43|44|45|46|47)\.ffn_.*_exps\.=CPU" -n 128 -p 0 -r 3 -o json
13:56:13   ok  tok/s=12.481758  wall=57.9s  settle=30.3s  temp 46->43
13:56:45 [30B] bcd456b14ef4099c block 17 matrix AB_ngl: C:/Users/Federico/Documents/evo-compress/tools/llamacpp-b10098/llama-bench.exe -m D:/evo-compress-data/gguf/Qwen3-30B-A3B-Q2_K.gguf -ngl 0 -ub 2048 -t 4 -ctk f16 -ctv f16 -b 2048 -mmp 1 -fa 1 -ot "blk\.(12|13|14|15|16|17|18|19|20|21|22|23|24|25|26|27|28|29|30|31|32|33|34|35|36|37|38|39|40|41|42|43|44|45|46|47)\.ffn_.*_exps\.=CPU" -n 128 -p 0 -r 3 -o json
13:58:10   ok  tok/s=6.856853  wall=85.0s  settle=30.4s  temp 42->40
13:58:41 [30B] 5c8e6777a69a18d9 block 17 matrix AB_t: C:/Users/Federico/Documents/evo-compress/tools/llamacpp-b10098/llama-bench.exe -m D:/evo-compress-data/gguf/Qwen3-30B-A3B-Q2_K.gguf -ngl 32 -ub 2048 -t 3 -ctk f16 -ctv f16 -b 2048 -mmp 1 -fa 1 -ot "blk\.(12|13|14|15|16|17|18|19|20|21|22|23|24|25|26|27|28|29|30|31|32|33|34|35|36|37|38|39|40|41|42|43|44|45|46|47)\.ffn_.*_exps\.=CPU" -n 128 -p 0 -r 3 -o json
13:59:09   ok  tok/s=14.383172  wall=28.6s  settle=30.4s  temp 39->42
13:59:40 [30B] eded3b12c981d6f0 block 17 matrix AB_ctk: C:/Users/Federico/Documents/evo-compress/tools/llamacpp-b10098/llama-bench.exe -m D:/evo-compress-data/gguf/Qwen3-30B-A3B-Q2_K.gguf -ngl 32 -ub 2048 -t 4 -ctk f16 -ctv f16 -b 2048 -mmp 1 -fa 1 -ot "blk\.(12|13|14|15|16|17|18|19|20|21|22|23|24|25|26|27|28|29|30|31|32|33|34|35|36|37|38|39|40|41|42|43|44|45|46|47)\.ffn_.*_exps\.=CPU" -n 128 -p 0 -r 3 -o json
14:00:06   ok  tok/s=15.930376  wall=26.0s  settle=30.4s  temp 43->44
14:00:37 [30B] a4a0f6116921b34f block 17 matrix AB_mmp: C:/Users/Federico/Documents/evo-compress/tools/llamacpp-b10098/llama-bench.exe -m D:/evo-compress-data/gguf/Qwen3-30B-A3B-Q2_K.gguf -ngl 32 -ub 2048 -t 4 -ctk f16 -ctv f16 -b 2048 -mmp 0 -fa 1 -ot "blk\.(12|13|14|15|16|17|18|19|20|21|22|23|24|25|26|27|28|29|30|31|32|33|34|35|36|37|38|39|40|41|42|43|44|45|46|47)\.ffn_.*_exps\.=CPU" -n 128 -p 0 -r 3 -o json
14:01:24   ok  tok/s=18.133569  wall=47.1s  settle=30.4s  temp 42->45
14:01:55 [30B] cc085bf0e6762951 block 17 matrix AB_moe_cpu_frac: C:/Users/Federico/Documents/evo-compress/tools/llamacpp-b10098/llama-bench.exe -m D:/evo-compress-data/gguf/Qwen3-30B-A3B-Q2_K.gguf -ngl 32 -ub 2048 -t 4 -ctk f16 -ctv f16 -b 2048 -mmp 1 -fa 1 -ot "blk\.(12|13|14|15|16|17|18|19|20|21|22|23|24|25|26|27|28|29|30|31|32|33|34|35|36|37|38|39|40|41|42|43|44|45|46|47)\.ffn_.*_exps\.=CPU" -n 128 -p 0 -r 3 -o json
14:03:18   ok  tok/s=7.502267  wall=82.6s  settle=30.4s  temp 43->44
14:03:48 [30B] daabf901c26bdf94 block 18 matrix A: C:/Users/Federico/Documents/evo-compress/tools/llamacpp-b10098/llama-bench.exe -m D:/evo-compress-data/gguf/Qwen3-30B-A3B-Q2_K.gguf -ngl 0 -ub 2048 -t 4 -ctk q8_0 -ctv f16 -b 2048 -mmp 0 -fa 1 -ot "blk\.(12|13|14|15|16|17|18|19|20|21|22|23|24|25|26|27|28|29|30|31|32|33|34|35|36|37|38|39|40|41|42|43|44|45|46|47)\.ffn_.*_exps\.=CPU" -n 128 -p 0 -r 3 -o json
14:04:43   ok  tok/s=13.947258  wall=54.7s  settle=30.4s  temp 45->42
14:05:14 [30B] 490b6d6a8f21342b block 18 matrix B: C:/Users/Federico/Documents/evo-compress/tools/llamacpp-b10098/llama-bench.exe -m D:/evo-compress-data/gguf/Qwen3-30B-A3B-Q2_K.gguf -ngl 99 -ub 2048 -t 2 -ctk q8_0 -ctv f16 -b 2048 -mmp 0 -fa 1 -ot "blk\.(12|13|14|15|16|17|18|19|20|21|22|23|24|25|26|27|28|29|30|31|32|33|34|35|36|37|38|39|40|41|42|43|44|45|46|47)\.ffn_.*_exps\.=CPU" -n 128 -p 0 -r 3 -o json
14:06:16   ok  tok/s=14.059353  wall=62.3s  settle=30.3s  temp 41->45
14:06:47 [30B] b8a33ac0cd164cd0 block 18 matrix AB_ngl: C:/Users/Federico/Documents/evo-compress/tools/llamacpp-b10098/llama-bench.exe -m D:/evo-compress-data/gguf/Qwen3-30B-A3B-Q2_K.gguf -ngl 99 -ub 2048 -t 4 -ctk q8_0 -ctv f16 -b 2048 -mmp 0 -fa 1 -ot "blk\.(12|13|14|15|16|17|18|19|20|21|22|23|24|25|26|27|28|29|30|31|32|33|34|35|36|37|38|39|40|41|42|43|44|45|46|47)\.ffn_.*_exps\.=CPU" -n 128 -p 0 -r 3 -o json
14:07:46   ok  tok/s=16.772122  wall=58.1s  settle=30.4s  temp 42->49
14:08:16 [30B] 055441b6d4392f18 block 18 matrix AB_t: C:/Users/Federico/Documents/evo-compress/tools/llamacpp-b10098/llama-bench.exe -m D:/evo-compress-data/gguf/Qwen3-30B-A3B-Q2_K.gguf -ngl 0 -ub 2048 -t 2 -ctk q8_0 -ctv f16 -b 2048 -mmp 0 -fa 1 -ot "blk\.(12|13|14|15|16|17|18|19|20|21|22|23|24|25|26|27|28|29|30|31|32|33|34|35|36|37|38|39|40|41|42|43|44|45|46|47)\.ffn_.*_exps\.=CPU" -n 128 -p 0 -r 3 -o json
14:09:32   ok  tok/s=9.877831  wall=75.5s  settle=30.4s  temp 47->43
14:10:03 [30B] 1c27ba381c3d0662 block 18 matrix AB_ctk: C:/Users/Federico/Documents/evo-compress/tools/llamacpp-b10098/llama-bench.exe -m D:/evo-compress-data/gguf/Qwen3-30B-A3B-Q2_K.gguf -ngl 0 -ub 2048 -t 4 -ctk q8_0 -ctv f16 -b 2048 -mmp 0 -fa 1 -ot "blk\.(12|13|14|15|16|17|18|19|20|21|22|23|24|25|26|27|28|29|30|31|32|33|34|35|36|37|38|39|40|41|42|43|44|45|46|47)\.ffn_.*_exps\.=CPU" -n 128 -p 0 -r 3 -o json
14:11:07   ok  tok/s=13.860645  wall=64.1s  settle=30.4s  temp 42->41
14:11:38 [30B] 2143c563b710aea2 block 18 matrix AB_mmp: C:/Users/Federico/Documents/evo-compress/tools/llamacpp-b10098/llama-bench.exe -m D:/evo-compress-data/gguf/Qwen3-30B-A3B-Q2_K.gguf -ngl 0 -ub 2048 -t 4 -ctk q8_0 -ctv f16 -b 2048 -mmp 0 -fa 1 -ot "blk\.(12|13|14|15|16|17|18|19|20|21|22|23|24|25|26|27|28|29|30|31|32|33|34|35|36|37|38|39|40|41|42|43|44|45|46|47)\.ffn_.*_exps\.=CPU" -n 128 -p 0 -r 3 -o json
14:12:42   ok  tok/s=13.8923  wall=64.0s  settle=30.4s  temp 40->39
14:13:13 [30B] 6b60779a803c4d85 block 18 matrix AB_moe_cpu_frac: C:/Users/Federico/Documents/evo-compress/tools/llamacpp-b10098/llama-bench.exe -m D:/evo-compress-data/gguf/Qwen3-30B-A3B-Q2_K.gguf -ngl 0 -ub 2048 -t 4 -ctk q8_0 -ctv f16 -b 2048 -mmp 0 -fa 1 -ot "blk\.(12|13|14|15|16|17|18|19|20|21|22|23|24|25|26|27|28|29|30|31|32|33|34|35|36|37|38|39|40|41|42|43|44|45|46|47)\.ffn_.*_exps\.=CPU" -n 128 -p 0 -r 3 -o json
14:14:18   ok  tok/s=13.791771  wall=64.2s  settle=30.4s  temp 39->38
14:14:49 [30B] 63da79e205d224c0 block 19 matrix A: C:/Users/Federico/Documents/evo-compress/tools/llamacpp-b10098/llama-bench.exe -m D:/evo-compress-data/gguf/Qwen3-30B-A3B-Q2_K.gguf -ngl 0 -ub 2048 -t 2 -ctk q8_0 -ctv f16 -b 2048 -mmp 1 -fa 1 -ot "blk\.(8|9|10|11|12|13|14|15|16|17|18|19|20|21|22|23|24|25|26|27|28|29|30|31|32|33|34|35|36|37|38|39|40|41|42|43|44|45|46|47)\.ffn_.*_exps\.=CPU" -n 128 -p 0 -r 3 -o json
14:17:05   ok  tok/s=4.570907  wall=136.6s  settle=30.3s  temp 38->37
14:17:36 [30B] 1fc643baed2bda8e block 19 matrix B: C:/Users/Federico/Documents/evo-compress/tools/llamacpp-b10098/llama-bench.exe -m D:/evo-compress-data/gguf/Qwen3-30B-A3B-Q2_K.gguf -ngl 16 -ub 2048 -t 3 -ctk f16 -ctv f16 -b 2048 -mmp 1 -fa 1 -ot "blk\.(12|13|14|15|16|17|18|19|20|21|22|23|24|25|26|27|28|29|30|31|32|33|34|35|36|37|38|39|40|41|42|43|44|45|46|47)\.ffn_.*_exps\.=CPU" -n 128 -p 0 -r 3 -o json
14:18:05   ok  tok/s=14.028078  wall=29.4s  settle=30.4s  temp 37->39
14:18:36 [30B] 835e81e56c1ee3a7 block 19 matrix AB_ngl: C:/Users/Federico/Documents/evo-compress/tools/llamacpp-b10098/llama-bench.exe -m D:/evo-compress-data/gguf/Qwen3-30B-A3B-Q2_K.gguf -ngl 16 -ub 2048 -t 2 -ctk q8_0 -ctv f16 -b 2048 -mmp 1 -fa 1 -ot "blk\.(8|9|10|11|12|13|14|15|16|17|18|19|20|21|22|23|24|25|26|27|28|29|30|31|32|33|34|35|36|37|38|39|40|41|42|43|44|45|46|47)\.ffn_.*_exps\.=CPU" -n 128 -p 0 -r 3 -o json
14:19:17   ok  tok/s=10.00301  wall=40.6s  settle=30.3s  temp 40->42
14:19:48 [30B] 18cc2727ccc8c3c5 block 19 matrix AB_t: C:/Users/Federico/Documents/evo-compress/tools/llamacpp-b10098/llama-bench.exe -m D:/evo-compress-data/gguf/Qwen3-30B-A3B-Q2_K.gguf -ngl 0 -ub 2048 -t 3 -ctk q8_0 -ctv f16 -b 2048 -mmp 1 -fa 1 -ot "blk\.(8|9|10|11|12|13|14|15|16|17|18|19|20|21|22|23|24|25|26|27|28|29|30|31|32|33|34|35|36|37|38|39|40|41|42|43|44|45|46|47)\.ffn_.*_exps\.=CPU" -n 128 -p 0 -r 3 -o json
14:20:20   ok  tok/s=12.554258  wall=32.5s  settle=30.4s  temp 41->41
14:20:51 [30B] 604e9b0731295f9a block 19 matrix AB_ctk: C:/Users/Federico/Documents/evo-compress/tools/llamacpp-b10098/llama-bench.exe -m D:/evo-compress-data/gguf/Qwen3-30B-A3B-Q2_K.gguf -ngl 0 -ub 2048 -t 2 -ctk f16 -ctv f16 -b 2048 -mmp 1 -fa 1 -ot "blk\.(8|9|10|11|12|13|14|15|16|17|18|19|20|21|22|23|24|25|26|27|28|29|30|31|32|33|34|35|36|37|38|39|40|41|42|43|44|45|46|47)\.ffn_.*_exps\.=CPU" -n 128 -p 0 -r 3 -o json
14:21:32   ok  tok/s=9.690723  wall=41.4s  settle=30.3s  temp 40->39
14:22:03 [30B] 10e9440fa5f466ea block 19 matrix AB_mmp: C:/Users/Federico/Documents/evo-compress/tools/llamacpp-b10098/llama-bench.exe -m D:/evo-compress-data/gguf/Qwen3-30B-A3B-Q2_K.gguf -ngl 0 -ub 2048 -t 2 -ctk q8_0 -ctv f16 -b 2048 -mmp 1 -fa 1 -ot "blk\.(8|9|10|11|12|13|14|15|16|17|18|19|20|21|22|23|24|25|26|27|28|29|30|31|32|33|34|35|36|37|38|39|40|41|42|43|44|45|46|47)\.ffn_.*_exps\.=CPU" -n 128 -p 0 -r 3 -o json
14:22:44   ok  tok/s=9.742698  wall=41.2s  settle=30.4s  temp 39->39
14:23:15 [30B] f2ec50d298464bd3 block 19 matrix AB_moe_cpu_frac: C:/Users/Federico/Documents/evo-compress/tools/llamacpp-b10098/llama-bench.exe -m D:/evo-compress-data/gguf/Qwen3-30B-A3B-Q2_K.gguf -ngl 0 -ub 2048 -t 2 -ctk q8_0 -ctv f16 -b 2048 -mmp 1 -fa 1 -ot "blk\.(12|13|14|15|16|17|18|19|20|21|22|23|24|25|26|27|28|29|30|31|32|33|34|35|36|37|38|39|40|41|42|43|44|45|46|47)\.ffn_.*_exps\.=CPU" -n 128 -p 0 -r 3 -o json
14:23:56   ok  tok/s=9.730122  wall=41.3s  settle=30.3s  temp 38->38
14:24:27 [30B] 173211afa50cd678 block 20 matrix A: C:/Users/Federico/Documents/evo-compress/tools/llamacpp-b10098/llama-bench.exe -m D:/evo-compress-data/gguf/Qwen3-30B-A3B-Q2_K.gguf -ngl 99 -ub 2048 -t 2 -ctk q8_0 -ctv f16 -b 2048 -mmp 1 -fa 1 -ot "blk\.(8|9|10|11|12|13|14|15|16|17|18|19|20|21|22|23|24|25|26|27|28|29|30|31|32|33|34|35|36|37|38|39|40|41|42|43|44|45|46|47)\.ffn_.*_exps\.=CPU" -n 128 -p 0 -r 3 -o json
14:25:02   ok  tok/s=12.032136  wall=34.8s  settle=30.4s  temp 38->42
14:25:33 [30B] 1da84ae982681264 block 20 matrix B: C:/Users/Federico/Documents/evo-compress/tools/llamacpp-b10098/llama-bench.exe -m D:/evo-compress-data/gguf/Qwen3-30B-A3B-Q2_K.gguf -ngl 0 -ub 2048 -t 2 -ctk f16 -ctv f16 -b 2048 -mmp 1 -fa 1 -ot "blk\.(4|5|6|7|8|9|10|11|12|13|14|15|16|17|18|19|20|21|22|23|24|25|26|27|28|29|30|31|32|33|34|35|36|37|38|39|40|41|42|43|44|45|46|47)\.ffn_.*_exps\.=CPU" -n 128 -p 0 -r 3 -o json
14:26:15   ok  tok/s=9.495634  wall=42.5s  settle=30.4s  temp 40->39
14:26:46 [30B] a558d0152fa3d6e9 block 20 matrix AB_ngl: C:/Users/Federico/Documents/evo-compress/tools/llamacpp-b10098/llama-bench.exe -m D:/evo-compress-data/gguf/Qwen3-30B-A3B-Q2_K.gguf -ngl 0 -ub 2048 -t 2 -ctk q8_0 -ctv f16 -b 2048 -mmp 1 -fa 1 -ot "blk\.(8|9|10|11|12|13|14|15|16|17|18|19|20|21|22|23|24|25|26|27|28|29|30|31|32|33|34|35|36|37|38|39|40|41|42|43|44|45|46|47)\.ffn_.*_exps\.=CPU" -n 128 -p 0 -r 3 -o json
14:27:27   ok  tok/s=9.763609  wall=41.1s  settle=30.4s  temp 39->39
14:27:58 [30B] a56dc50358b723c1 block 20 matrix AB_t: C:/Users/Federico/Documents/evo-compress/tools/llamacpp-b10098/llama-bench.exe -m D:/evo-compress-data/gguf/Qwen3-30B-A3B-Q2_K.gguf -ngl 99 -ub 2048 -t 2 -ctk q8_0 -ctv f16 -b 2048 -mmp 1 -fa 1 -ot "blk\.(8|9|10|11|12|13|14|15|16|17|18|19|20|21|22|23|24|25|26|27|28|29|30|31|32|33|34|35|36|37|38|39|40|41|42|43|44|45|46|47)\.ffn_.*_exps\.=CPU" -n 128 -p 0 -r 3 -o json
14:28:32   ok  tok/s=12.311264  wall=34.1s  settle=30.4s  temp 38->42
14:29:03 [30B] 24197bb51ce21438 block 20 matrix AB_ctk: C:/Users/Federico/Documents/evo-compress/tools/llamacpp-b10098/llama-bench.exe -m D:/evo-compress-data/gguf/Qwen3-30B-A3B-Q2_K.gguf -ngl 99 -ub 2048 -t 2 -ctk f16 -ctv f16 -b 2048 -mmp 1 -fa 1 -ot "blk\.(8|9|10|11|12|13|14|15|16|17|18|19|20|21|22|23|24|25|26|27|28|29|30|31|32|33|34|35|36|37|38|39|40|41|42|43|44|45|46|47)\.ffn_.*_exps\.=CPU" -n 128 -p 0 -r 3 -o json
14:29:33   ok  tok/s=14.292286  wall=29.9s  settle=30.4s  temp 41->45
14:30:03 [30B] 6a4ec35ea432d5ea block 20 matrix AB_mmp: C:/Users/Federico/Documents/evo-compress/tools/llamacpp-b10098/llama-bench.exe -m D:/evo-compress-data/gguf/Qwen3-30B-A3B-Q2_K.gguf -ngl 99 -ub 2048 -t 2 -ctk q8_0 -ctv f16 -b 2048 -mmp 1 -fa 1 -ot "blk\.(8|9|10|11|12|13|14|15|16|17|18|19|20|21|22|23|24|25|26|27|28|29|30|31|32|33|34|35|36|37|38|39|40|41|42|43|44|45|46|47)\.ffn_.*_exps\.=CPU" -n 128 -p 0 -r 3 -o json
14:30:37   ok  tok/s=12.521435  wall=33.6s  settle=30.4s  temp 42->46
14:31:08 [30B] d0732d3e7154df33 block 20 matrix AB_moe_cpu_frac: C:/Users/Federico/Documents/evo-compress/tools/llamacpp-b10098/llama-bench.exe -m D:/evo-compress-data/gguf/Qwen3-30B-A3B-Q2_K.gguf -ngl 99 -ub 2048 -t 2 -ctk q8_0 -ctv f16 -b 2048 -mmp 1 -fa 1 -ot "blk\.(4|5|6|7|8|9|10|11|12|13|14|15|16|17|18|19|20|21|22|23|24|25|26|27|28|29|30|31|32|33|34|35|36|37|38|39|40|41|42|43|44|45|46|47)\.ffn_.*_exps\.=CPU" -n 128 -p 0 -r 3 -o json
14:31:43   ok  tok/s=11.824412  wall=35.2s  settle=30.4s  temp 43->45
14:32:14 [30B] 62cbaef86ea8eea3 block 21 matrix A: C:/Users/Federico/Documents/evo-compress/tools/llamacpp-b10098/llama-bench.exe -m D:/evo-compress-data/gguf/Qwen3-30B-A3B-Q2_K.gguf -ngl 16 -ub 2048 -t 3 -ctk q8_0 -ctv f16 -b 2048 -mmp 0 -fa 1 -ot "blk\.(12|13|14|15|16|17|18|19|20|21|22|23|24|25|26|27|28|29|30|31|32|33|34|35|36|37|38|39|40|41|42|43|44|45|46|47)\.ffn_.*_exps\.=CPU" -n 128 -p 0 -r 3 -o json
14:33:03   ok  tok/s=15.868797  wall=49.0s  settle=30.3s  temp 43->46
14:33:34 [30B] abd1a5e16ee63602 block 21 matrix B: C:/Users/Federico/Documents/evo-compress/tools/llamacpp-b10098/llama-bench.exe -m D:/evo-compress-data/gguf/Qwen3-30B-A3B-Q2_K.gguf -ngl 16 -ub 2048 -t 3 -ctk q8_0 -ctv f16 -b 2048 -mmp 1 -fa 1 -ot "blk\.(4|5|6|7|8|9|10|11|12|13|14|15|16|17|18|19|20|21|22|23|24|25|26|27|28|29|30|31|32|33|34|35|36|37|38|39|40|41|42|43|44|45|46|47)\.ffn_.*_exps\.=CPU" -n 128 -p 0 -r 3 -o json
14:35:11   ok  tok/s=6.55134  wall=97.1s  settle=30.4s  temp 44->45
14:35:42 [30B] ec01b53b9f0a6a1c block 21 matrix AB_ngl: C:/Users/Federico/Documents/evo-compress/tools/llamacpp-b10098/llama-bench.exe -m D:/evo-compress-data/gguf/Qwen3-30B-A3B-Q2_K.gguf -ngl 16 -ub 2048 -t 3 -ctk q8_0 -ctv f16 -b 2048 -mmp 0 -fa 1 -ot "blk\.(12|13|14|15|16|17|18|19|20|21|22|23|24|25|26|27|28|29|30|31|32|33|34|35|36|37|38|39|40|41|42|43|44|45|46|47)\.ffn_.*_exps\.=CPU" -n 128 -p 0 -r 3 -o json
14:36:33   ok  tok/s=16.182897  wall=50.7s  settle=30.4s  temp 44->46
14:37:04 [30B] f2fa19c2b21fe22f block 21 matrix AB_t: C:/Users/Federico/Documents/evo-compress/tools/llamacpp-b10098/llama-bench.exe -m D:/evo-compress-data/gguf/Qwen3-30B-A3B-Q2_K.gguf -ngl 16 -ub 2048 -t 3 -ctk q8_0 -ctv f16 -b 2048 -mmp 0 -fa 1 -ot "blk\.(12|13|14|15|16|17|18|19|20|21|22|23|24|25|26|27|28|29|30|31|32|33|34|35|36|37|38|39|40|41|42|43|44|45|46|47)\.ffn_.*_exps\.=CPU" -n 128 -p 0 -r 3 -o json
14:38:04   ok  tok/s=16.185264  wall=60.2s  settle=30.4s  temp 44->46
14:38:35 [30B] 37ebd52db72d764c block 21 matrix AB_ctk: C:/Users/Federico/Documents/evo-compress/tools/llamacpp-b10098/llama-bench.exe -m D:/evo-compress-data/gguf/Qwen3-30B-A3B-Q2_K.gguf -ngl 16 -ub 2048 -t 3 -ctk q8_0 -ctv f16 -b 2048 -mmp 0 -fa 1 -ot "blk\.(12|13|14|15|16|17|18|19|20|21|22|23|24|25|26|27|28|29|30|31|32|33|34|35|36|37|38|39|40|41|42|43|44|45|46|47)\.ffn_.*_exps\.=CPU" -n 128 -p 0 -r 3 -o json
14:39:35   ok  tok/s=16.231064  wall=60.2s  settle=30.4s  temp 43->45
14:40:06 [30B] 97f82ca2b6ef6779 block 21 matrix AB_mmp: C:/Users/Federico/Documents/evo-compress/tools/llamacpp-b10098/llama-bench.exe -m D:/evo-compress-data/gguf/Qwen3-30B-A3B-Q2_K.gguf -ngl 16 -ub 2048 -t 3 -ctk q8_0 -ctv f16 -b 2048 -mmp 1 -fa 1 -ot "blk\.(12|13|14|15|16|17|18|19|20|21|22|23|24|25|26|27|28|29|30|31|32|33|34|35|36|37|38|39|40|41|42|43|44|45|46|47)\.ffn_.*_exps\.=CPU" -n 128 -p 0 -r 3 -o json
14:41:47   ok  tok/s=6.126132  wall=101.0s  settle=30.4s  temp 42->43
14:42:18 [30B] 7fcbb3258feddadf block 21 matrix AB_moe_cpu_frac: C:/Users/Federico/Documents/evo-compress/tools/llamacpp-b10098/llama-bench.exe -m D:/evo-compress-data/gguf/Qwen3-30B-A3B-Q2_K.gguf -ngl 16 -ub 2048 -t 3 -ctk q8_0 -ctv f16 -b 2048 -mmp 0 -fa 1 -ot "blk\.(4|5|6|7|8|9|10|11|12|13|14|15|16|17|18|19|20|21|22|23|24|25|26|27|28|29|30|31|32|33|34|35|36|37|38|39|40|41|42|43|44|45|46|47)\.ffn_.*_exps\.=CPU" -n 128 -p 0 -r 3 -o json
14:43:10   ok  tok/s=15.39783  wall=51.8s  settle=30.4s  temp 42->44
14:43:41 [30B] c39623eea71cdbd3 block 22 matrix A: C:/Users/Federico/Documents/evo-compress/tools/llamacpp-b10098/llama-bench.exe -m D:/evo-compress-data/gguf/Qwen3-30B-A3B-Q2_K.gguf -ngl 0 -ub 2048 -t 1 -ctk f16 -ctv f16 -b 2048 -mmp 0 -fa 1 -ot exps=CPU -n 128 -p 0 -r 3 -o json
14:45:22   ok  tok/s=5.941531  wall=101.2s  settle=30.4s  temp 42->40
14:45:53 [30B] f27be5f32afba606 block 22 matrix B: C:/Users/Federico/Documents/evo-compress/tools/llamacpp-b10098/llama-bench.exe -m D:/evo-compress-data/gguf/Qwen3-30B-A3B-Q2_K.gguf -ngl 16 -ub 2048 -t 3 -ctk q8_0 -ctv f16 -b 2048 -mmp 0 -fa 1 -ot "blk\.(12|13|14|15|16|17|18|19|20|21|22|23|24|25|26|27|28|29|30|31|32|33|34|35|36|37|38|39|40|41|42|43|44|45|46|47)\.ffn_.*_exps\.=CPU" -n 128 -p 0 -r 3 -o json
14:46:54   ok  tok/s=15.766878  wall=60.6s  settle=30.3s  temp 39->42
14:47:25 [30B] adf2512db586d4fa block 22 matrix AB_ngl: C:/Users/Federico/Documents/evo-compress/tools/llamacpp-b10098/llama-bench.exe -m D:/evo-compress-data/gguf/Qwen3-30B-A3B-Q2_K.gguf -ngl 16 -ub 2048 -t 1 -ctk f16 -ctv f16 -b 2048 -mmp 0 -fa 1 -ot exps=CPU -n 128 -p 0 -r 3 -o json
14:49:08   ok  tok/s=5.779559  wall=103.2s  settle=30.4s  temp 40->39
14:49:39 [30B] 47a499b7b419787d block 22 matrix AB_t: C:/Users/Federico/Documents/evo-compress/tools/llamacpp-b10098/llama-bench.exe -m D:/evo-compress-data/gguf/Qwen3-30B-A3B-Q2_K.gguf -ngl 0 -ub 2048 -t 3 -ctk f16 -ctv f16 -b 2048 -mmp 0 -fa 1 -ot exps=CPU -n 128 -p 0 -r 3 -o json
14:50:46   ok  tok/s=12.587613  wall=66.9s  settle=30.3s  temp 38->38
14:51:17 [30B] 5d7373414c101d42 block 22 matrix AB_ctk: C:/Users/Federico/Documents/evo-compress/tools/llamacpp-b10098/llama-bench.exe -m D:/evo-compress-data/gguf/Qwen3-30B-A3B-Q2_K.gguf -ngl 0 -ub 2048 -t 1 -ctk q8_0 -ctv f16 -b 2048 -mmp 0 -fa 1 -ot exps=CPU -n 128 -p 0 -r 3 -o json
14:52:58   ok  tok/s=5.940145  wall=101.2s  settle=30.3s  temp 38->37
14:53:29 [30B] 143b3c3b891d5c59 block 22 matrix AB_mmp: C:/Users/Federico/Documents/evo-compress/tools/llamacpp-b10098/llama-bench.exe -m D:/evo-compress-data/gguf/Qwen3-30B-A3B-Q2_K.gguf -ngl 0 -ub 2048 -t 1 -ctk f16 -ctv f16 -b 2048 -mmp 0 -fa 1 -ot exps=CPU -n 128 -p 0 -r 3 -o json
14:55:10   ok  tok/s=5.964003  wall=100.9s  settle=30.3s  temp 37->37
14:55:41 [30B] 3f488def83e2db14 block 22 matrix AB_moe_cpu_frac: C:/Users/Federico/Documents/evo-compress/tools/llamacpp-b10098/llama-bench.exe -m D:/evo-compress-data/gguf/Qwen3-30B-A3B-Q2_K.gguf -ngl 0 -ub 2048 -t 1 -ctk f16 -ctv f16 -b 2048 -mmp 0 -fa 1 -ot "blk\.(12|13|14|15|16|17|18|19|20|21|22|23|24|25|26|27|28|29|30|31|32|33|34|35|36|37|38|39|40|41|42|43|44|45|46|47)\.ffn_.*_exps\.=CPU" -n 128 -p 0 -r 3 -o json
14:57:22   ok  tok/s=5.95234  wall=101.1s  settle=30.4s  temp 36->36
14:57:54 [30B] 28c60f7cca2a211b block 23 matrix A: C:/Users/Federico/Documents/evo-compress/tools/llamacpp-b10098/llama-bench.exe -m D:/evo-compress-data/gguf/Qwen3-30B-A3B-Q2_K.gguf -ngl 0 -ub 2048 -t 3 -ctk q8_0 -ctv f16 -b 2048 -mmp 1 -fa 1 -ot exps=CPU -n 128 -p 0 -r 3 -o json
14:59:44   ok  tok/s=5.46069  wall=109.7s  settle=30.3s  temp 36->36
15:00:14 [30B] 354731116bfe45d5 block 23 matrix B: C:/Users/Federico/Documents/evo-compress/tools/llamacpp-b10098/llama-bench.exe -m D:/evo-compress-data/gguf/Qwen3-30B-A3B-Q2_K.gguf -ngl 16 -ub 2048 -t 2 -ctk f16 -ctv f16 -b 2048 -mmp 1 -fa 1 -ot "blk\.(4|5|6|7|8|9|10|11|12|13|14|15|16|17|18|19|20|21|22|23|24|25|26|27|28|29|30|31|32|33|34|35|36|37|38|39|40|41|42|43|44|45|46|47)\.ffn_.*_exps\.=CPU" -n 128 -p 0 -r 3 -o json
15:00:52   ok  tok/s=10.867345  wall=37.4s  settle=30.3s  temp 36->39
15:01:23 [30B] 52c9347a38735eb9 block 23 matrix AB_ngl: C:/Users/Federico/Documents/evo-compress/tools/llamacpp-b10098/llama-bench.exe -m D:/evo-compress-data/gguf/Qwen3-30B-A3B-Q2_K.gguf -ngl 16 -ub 2048 -t 3 -ctk q8_0 -ctv f16 -b 2048 -mmp 1 -fa 1 -ot exps=CPU -n 128 -p 0 -r 3 -o json
15:01:52   ok  tok/s=13.890386  wall=29.5s  settle=30.4s  temp 39->41
15:02:23 [30B] 56b4fc3783ad2356 block 23 matrix AB_t: C:/Users/Federico/Documents/evo-compress/tools/llamacpp-b10098/llama-bench.exe -m D:/evo-compress-data/gguf/Qwen3-30B-A3B-Q2_K.gguf -ngl 0 -ub 2048 -t 2 -ctk q8_0 -ctv f16 -b 2048 -mmp 1 -fa 1 -ot exps=CPU -n 128 -p 0 -r 3 -o json
15:03:04   ok  tok/s=9.781505  wall=40.8s  settle=30.4s  temp 42->40
15:03:34 [30B] 6cbbe1eee229478a block 23 matrix AB_ctk: C:/Users/Federico/Documents/evo-compress/tools/llamacpp-b10098/llama-bench.exe -m D:/evo-compress-data/gguf/Qwen3-30B-A3B-Q2_K.gguf -ngl 0 -ub 2048 -t 3 -ctk f16 -ctv f16 -b 2048 -mmp 1 -fa 1 -ot exps=CPU -n 128 -p 0 -r 3 -o json
15:04:06   ok  tok/s=12.651277  wall=31.9s  settle=30.3s  temp 39->40
15:04:37 [30B] bfbff9b1eb8619f5 block 23 matrix AB_mmp: C:/Users/Federico/Documents/evo-compress/tools/llamacpp-b10098/llama-bench.exe -m D:/evo-compress-data/gguf/Qwen3-30B-A3B-Q2_K.gguf -ngl 0 -ub 2048 -t 3 -ctk q8_0 -ctv f16 -b 2048 -mmp 1 -fa 1 -ot exps=CPU -n 128 -p 0 -r 3 -o json
15:05:09   ok  tok/s=12.610473  wall=32.0s  settle=30.4s  temp 39->39
15:05:40 [30B] bd3ad32f60ce8562 block 23 matrix AB_moe_cpu_frac: C:/Users/Federico/Documents/evo-compress/tools/llamacpp-b10098/llama-bench.exe -m D:/evo-compress-data/gguf/Qwen3-30B-A3B-Q2_K.gguf -ngl 0 -ub 2048 -t 3 -ctk q8_0 -ctv f16 -b 2048 -mmp 1 -fa 1 -ot "blk\.(4|5|6|7|8|9|10|11|12|13|14|15|16|17|18|19|20|21|22|23|24|25|26|27|28|29|30|31|32|33|34|35|36|37|38|39|40|41|42|43|44|45|46|47)\.ffn_.*_exps\.=CPU" -n 128 -p 0 -r 3 -o json
15:06:12   ok  tok/s=12.642836  wall=32.0s  settle=30.3s  temp 38->39
15:06:43 [30B] ec5ed904b8b7d9fa block 24 matrix A: C:/Users/Federico/Documents/evo-compress/tools/llamacpp-b10098/llama-bench.exe -m D:/evo-compress-data/gguf/Qwen3-30B-A3B-Q2_K.gguf -ngl 0 -ub 2048 -t 1 -ctk f16 -ctv f16 -b 2048 -mmp 0 -fa 1 -ot "blk\.(4|5|6|7|8|9|10|11|12|13|14|15|16|17|18|19|20|21|22|23|24|25|26|27|28|29|30|31|32|33|34|35|36|37|38|39|40|41|42|43|44|45|46|47)\.ffn_.*_exps\.=CPU" -n 128 -p 0 -r 3 -o json
15:08:14   ok  tok/s=5.924756  wall=91.5s  settle=30.4s  temp 38->37
15:08:45 [30B] 74a66a1566e176bd block 24 matrix B: C:/Users/Federico/Documents/evo-compress/tools/llamacpp-b10098/llama-bench.exe -m D:/evo-compress-data/gguf/Qwen3-30B-A3B-Q2_K.gguf -ngl 16 -ub 2048 -t 2 -ctk q8_0 -ctv f16 -b 2048 -mmp 1 -fa 1 -ot "blk\.(8|9|10|11|12|13|14|15|16|17|18|19|20|21|22|23|24|25|26|27|28|29|30|31|32|33|34|35|36|37|38|39|40|41|42|43|44|45|46|47)\.ffn_.*_exps\.=CPU" -n 128 -p 0 -r 3 -o json
15:11:13   ok  tok/s=3.905517  wall=147.6s  settle=30.3s  temp 37->37
15:11:44 [30B] a6cd027d1b38e4e3 block 24 matrix AB_ngl: C:/Users/Federico/Documents/evo-compress/tools/llamacpp-b10098/llama-bench.exe -m D:/evo-compress-data/gguf/Qwen3-30B-A3B-Q2_K.gguf -ngl 16 -ub 2048 -t 1 -ctk f16 -ctv f16 -b 2048 -mmp 0 -fa 1 -ot "blk\.(4|5|6|7|8|9|10|11|12|13|14|15|16|17|18|19|20|21|22|23|24|25|26|27|28|29|30|31|32|33|34|35|36|37|38|39|40|41|42|43|44|45|46|47)\.ffn_.*_exps\.=CPU" -n 128 -p 0 -r 3 -o json
15:13:18   ok  tok/s=5.754612  wall=93.8s  settle=30.3s  temp 37->37
15:13:48 [30B] 606afc97dc1f0a2e block 24 matrix AB_t: C:/Users/Federico/Documents/evo-compress/tools/llamacpp-b10098/llama-bench.exe -m D:/evo-compress-data/gguf/Qwen3-30B-A3B-Q2_K.gguf -ngl 0 -ub 2048 -t 2 -ctk f16 -ctv f16 -b 2048 -mmp 0 -fa 1 -ot "blk\.(4|5|6|7|8|9|10|11|12|13|14|15|16|17|18|19|20|21|22|23|24|25|26|27|28|29|30|31|32|33|34|35|36|37|38|39|40|41|42|43|44|45|46|47)\.ffn_.*_exps\.=CPU" -n 128 -p 0 -r 3 -o json
15:15:03   ok  tok/s=9.993706  wall=74.9s  settle=30.4s  temp 37->37
15:15:34 [30B] 1a01c80ec2205213 block 24 matrix AB_ctk: C:/Users/Federico/Documents/evo-compress/tools/llamacpp-b10098/llama-bench.exe -m D:/evo-compress-data/gguf/Qwen3-30B-A3B-Q2_K.gguf -ngl 0 -ub 2048 -t 1 -ctk q8_0 -ctv f16 -b 2048 -mmp 0 -fa 1 -ot "blk\.(4|5|6|7|8|9|10|11|12|13|14|15|16|17|18|19|20|21|22|23|24|25|26|27|28|29|30|31|32|33|34|35|36|37|38|39|40|41|42|43|44|45|46|47)\.ffn_.*_exps\.=CPU" -n 128 -p 0 -r 3 -o json
15:17:16   ok  tok/s=5.947723  wall=101.2s  settle=30.3s  temp 36->37
15:17:47 [30B] f5f91da73bc21ff2 block 24 matrix AB_mmp: C:/Users/Federico/Documents/evo-compress/tools/llamacpp-b10098/llama-bench.exe -m D:/evo-compress-data/gguf/Qwen3-30B-A3B-Q2_K.gguf -ngl 0 -ub 2048 -t 1 -ctk f16 -ctv f16 -b 2048 -mmp 1 -fa 1 -ot "blk\.(4|5|6|7|8|9|10|11|12|13|14|15|16|17|18|19|20|21|22|23|24|25|26|27|28|29|30|31|32|33|34|35|36|37|38|39|40|41|42|43|44|45|46|47)\.ffn_.*_exps\.=CPU" -n 128 -p 0 -r 3 -o json
15:19:56   ok  tok/s=3.786691  wall=129.1s  settle=30.3s  temp 36->36
15:20:26 [30B] 27155bde987298b2 block 24 matrix AB_moe_cpu_frac: C:/Users/Federico/Documents/evo-compress/tools/llamacpp-b10098/llama-bench.exe -m D:/evo-compress-data/gguf/Qwen3-30B-A3B-Q2_K.gguf -ngl 0 -ub 2048 -t 1 -ctk f16 -ctv f16 -b 2048 -mmp 0 -fa 1 -ot "blk\.(8|9|10|11|12|13|14|15|16|17|18|19|20|21|22|23|24|25|26|27|28|29|30|31|32|33|34|35|36|37|38|39|40|41|42|43|44|45|46|47)\.ffn_.*_exps\.=CPU" -n 128 -p 0 -r 3 -o json
15:21:58   ok  tok/s=5.918354  wall=91.8s  settle=30.3s  temp 37->37
15:22:29 [30B] a16dadf6f18513f8 block 25 matrix A: C:/Users/Federico/Documents/evo-compress/tools/llamacpp-b10098/llama-bench.exe -m D:/evo-compress-data/gguf/Qwen3-30B-A3B-Q2_K.gguf -ngl 32 -ub 2048 -t 3 -ctk f16 -ctv f16 -b 2048 -mmp 1 -fa 1 -ot "blk\.(12|13|14|15|16|17|18|19|20|21|22|23|24|25|26|27|28|29|30|31|32|33|34|35|36|37|38|39|40|41|42|43|44|45|46|47)\.ffn_.*_exps\.=CPU" -n 128 -p 0 -r 3 -o json
15:24:19   ok  tok/s=5.727299  wall=109.1s  settle=30.4s  temp 36->40
15:24:49 [30B] 2b72ef819d672580 block 25 matrix B: C:/Users/Federico/Documents/evo-compress/tools/llamacpp-b10098/llama-bench.exe -m D:/evo-compress-data/gguf/Qwen3-30B-A3B-Q2_K.gguf -ngl 99 -ub 2048 -t 2 -ctk f16 -ctv f16 -b 2048 -mmp 0 -fa 1 -ot "blk\.(8|9|10|11|12|13|14|15|16|17|18|19|20|21|22|23|24|25|26|27|28|29|30|31|32|33|34|35|36|37|38|39|40|41|42|43|44|45|46|47)\.ffn_.*_exps\.=CPU" -n 128 -p 0 -r 3 -o json
15:25:38   ok  tok/s=15.584256  wall=48.4s  settle=30.4s  temp 39->45
15:26:09 [30B] 3599aed157c55434 block 25 matrix AB_ngl: C:/Users/Federico/Documents/evo-compress/tools/llamacpp-b10098/llama-bench.exe -m D:/evo-compress-data/gguf/Qwen3-30B-A3B-Q2_K.gguf -ngl 99 -ub 2048 -t 3 -ctk f16 -ctv f16 -b 2048 -mmp 1 -fa 1 -ot "blk\.(12|13|14|15|16|17|18|19|20|21|22|23|24|25|26|27|28|29|30|31|32|33|34|35|36|37|38|39|40|41|42|43|44|45|46|47)\.ffn_.*_exps\.=CPU" -n 128 -p 0 -r 3 -o json
15:27:17   ok  tok/s=9.896099  wall=68.0s  settle=30.4s  temp 42->50
15:27:47 [30B] d69348c7ba8ab36f block 25 matrix AB_t: C:/Users/Federico/Documents/evo-compress/tools/llamacpp-b10098/llama-bench.exe -m D:/evo-compress-data/gguf/Qwen3-30B-A3B-Q2_K.gguf -ngl 32 -ub 2048 -t 2 -ctk f16 -ctv f16 -b 2048 -mmp 1 -fa 1 -ot "blk\.(12|13|14|15|16|17|18|19|20|21|22|23|24|25|26|27|28|29|30|31|32|33|34|35|36|37|38|39|40|41|42|43|44|45|46|47)\.ffn_.*_exps\.=CPU" -n 128 -p 0 -r 3 -o json
15:28:23   ok  tok/s=11.482605  wall=35.6s  settle=30.3s  temp 45->47
15:28:54 [30B] e2c49a2691efa10b block 25 matrix AB_ctk: C:/Users/Federico/Documents/evo-compress/tools/llamacpp-b10098/llama-bench.exe -m D:/evo-compress-data/gguf/Qwen3-30B-A3B-Q2_K.gguf -ngl 32 -ub 2048 -t 3 -ctk f16 -ctv f16 -b 2048 -mmp 1 -fa 1 -ot "blk\.(12|13|14|15|16|17|18|19|20|21|22|23|24|25|26|27|28|29|30|31|32|33|34|35|36|37|38|39|40|41|42|43|44|45|46|47)\.ffn_.*_exps\.=CPU" -n 128 -p 0 -r 3 -o json
15:29:22   ok  tok/s=14.878006  wall=27.8s  settle=30.4s  temp 45->47
15:29:52 [30B] f7b0fb5f5aa818f3 block 25 matrix AB_mmp: C:/Users/Federico/Documents/evo-compress/tools/llamacpp-b10098/llama-bench.exe -m D:/evo-compress-data/gguf/Qwen3-30B-A3B-Q2_K.gguf -ngl 32 -ub 2048 -t 3 -ctk f16 -ctv f16 -b 2048 -mmp 0 -fa 1 -ot "blk\.(12|13|14|15|16|17|18|19|20|21|22|23|24|25|26|27|28|29|30|31|32|33|34|35|36|37|38|39|40|41|42|43|44|45|46|47)\.ffn_.*_exps\.=CPU" -n 128 -p 0 -r 3 -o json
15:30:40   ok  tok/s=16.892506  wall=47.9s  settle=30.4s  temp 44->47
15:31:11 [30B] 5d7ec55248555762 block 25 matrix AB_moe_cpu_frac: C:/Users/Federico/Documents/evo-compress/tools/llamacpp-b10098/llama-bench.exe -m D:/evo-compress-data/gguf/Qwen3-30B-A3B-Q2_K.gguf -ngl 32 -ub 2048 -t 3 -ctk f16 -ctv f16 -b 2048 -mmp 1 -fa 1 -ot "blk\.(8|9|10|11|12|13|14|15|16|17|18|19|20|21|22|23|24|25|26|27|28|29|30|31|32|33|34|35|36|37|38|39|40|41|42|43|44|45|46|47)\.ffn_.*_exps\.=CPU" -n 128 -p 0 -r 3 -o json
15:32:55   ok  tok/s=6.183175  wall=103.4s  settle=30.4s  temp 45->45
15:33:26 [30B] 0dda05c10beaa9bb block 26 matrix A: C:/Users/Federico/Documents/evo-compress/tools/llamacpp-b10098/llama-bench.exe -m D:/evo-compress-data/gguf/Qwen3-30B-A3B-Q2_K.gguf -ngl 32 -ub 2048 -t 4 -ctk f16 -ctv f16 -b 2048 -mmp 0 -fa 1 -ot "blk\.(12|13|14|15|16|17|18|19|20|21|22|23|24|25|26|27|28|29|30|31|32|33|34|35|36|37|38|39|40|41|42|43|44|45|46|47)\.ffn_.*_exps\.=CPU" -n 128 -p 0 -r 3 -o json
15:34:13   ok  tok/s=18.340522  wall=47.6s  settle=30.4s  temp 44->46
15:34:44 [30B] 02f3bba31c0bfb96 block 26 matrix B: C:/Users/Federico/Documents/evo-compress/tools/llamacpp-b10098/llama-bench.exe -m D:/evo-compress-data/gguf/Qwen3-30B-A3B-Q2_K.gguf -ngl 99 -ub 2048 -t 4 -ctk q8_0 -ctv f16 -b 2048 -mmp 0 -fa 1 -ot "blk\.(12|13|14|15|16|17|18|19|20|21|22|23|24|25|26|27|28|29|30|31|32|33|34|35|36|37|38|39|40|41|42|43|44|45|46|47)\.ffn_.*_exps\.=CPU" -n 128 -p 0 -r 3 -o json
15:35:42   ok  tok/s=16.726283  wall=58.0s  settle=30.3s  temp 44->51
15:36:13 [30B] f01f4ccd1f0ac1fc block 26 matrix AB_ngl: C:/Users/Federico/Documents/evo-compress/tools/llamacpp-b10098/llama-bench.exe -m D:/evo-compress-data/gguf/Qwen3-30B-A3B-Q2_K.gguf -ngl 99 -ub 2048 -t 4 -ctk f16 -ctv f16 -b 2048 -mmp 0 -fa 1 -ot "blk\.(12|13|14|15|16|17|18|19|20|21|22|23|24|25|26|27|28|29|30|31|32|33|34|35|36|37|38|39|40|41|42|43|44|45|46|47)\.ffn_.*_exps\.=CPU" -n 128 -p 0 -r 3 -o json
15:37:07   ok  tok/s=20.909163  wall=53.6s  settle=30.3s  temp 46->52
15:37:38 [30B] ddac942167279d7b block 26 matrix AB_t: C:/Users/Federico/Documents/evo-compress/tools/llamacpp-b10098/llama-bench.exe -m D:/evo-compress-data/gguf/Qwen3-30B-A3B-Q2_K.gguf -ngl 32 -ub 2048 -t 4 -ctk f16 -ctv f16 -b 2048 -mmp 0 -fa 1 -ot "blk\.(12|13|14|15|16|17|18|19|20|21|22|23|24|25|26|27|28|29|30|31|32|33|34|35|36|37|38|39|40|41|42|43|44|45|46|47)\.ffn_.*_exps\.=CPU" -n 128 -p 0 -r 3 -o json
15:38:36   ok  tok/s=18.054999  wall=57.9s  settle=30.3s  temp 49->50
15:39:07 [30B] ad7affba6411c511 block 26 matrix AB_ctk: C:/Users/Federico/Documents/evo-compress/tools/llamacpp-b10098/llama-bench.exe -m D:/evo-compress-data/gguf/Qwen3-30B-A3B-Q2_K.gguf -ngl 32 -ub 2048 -t 4 -ctk q8_0 -ctv f16 -b 2048 -mmp 0 -fa 1 -ot "blk\.(12|13|14|15|16|17|18|19|20|21|22|23|24|25|26|27|28|29|30|31|32|33|34|35|36|37|38|39|40|41|42|43|44|45|46|47)\.ffn_.*_exps\.=CPU" -n 128 -p 0 -r 3 -o json
15:40:07   ok  tok/s=16.3951  wall=60.0s  settle=30.4s  temp 46->48
15:40:38 [30B] 1912681b0e9f0e28 block 26 matrix AB_mmp: C:/Users/Federico/Documents/evo-compress/tools/llamacpp-b10098/llama-bench.exe -m D:/evo-compress-data/gguf/Qwen3-30B-A3B-Q2_K.gguf -ngl 32 -ub 2048 -t 4 -ctk f16 -ctv f16 -b 2048 -mmp 0 -fa 1 -ot "blk\.(12|13|14|15|16|17|18|19|20|21|22|23|24|25|26|27|28|29|30|31|32|33|34|35|36|37|38|39|40|41|42|43|44|45|46|47)\.ffn_.*_exps\.=CPU" -n 128 -p 0 -r 3 -o json
15:41:36   ok  tok/s=17.985119  wall=57.8s  settle=30.4s  temp 45->47
15:42:06 [30B] 32a0c0dcead89039 block 26 matrix AB_moe_cpu_frac: C:/Users/Federico/Documents/evo-compress/tools/llamacpp-b10098/llama-bench.exe -m D:/evo-compress-data/gguf/Qwen3-30B-A3B-Q2_K.gguf -ngl 32 -ub 2048 -t 4 -ctk f16 -ctv f16 -b 2048 -mmp 0 -fa 1 -ot "blk\.(12|13|14|15|16|17|18|19|20|21|22|23|24|25|26|27|28|29|30|31|32|33|34|35|36|37|38|39|40|41|42|43|44|45|46|47)\.ffn_.*_exps\.=CPU" -n 128 -p 0 -r 3 -o json
15:43:04   ok  tok/s=18.036497  wall=57.7s  settle=30.3s  temp 44->46
15:43:35 [30B] 67395dc0c5413e9e block 27 matrix A: C:/Users/Federico/Documents/evo-compress/tools/llamacpp-b10098/llama-bench.exe -m D:/evo-compress-data/gguf/Qwen3-30B-A3B-Q2_K.gguf -ngl 16 -ub 2048 -t 3 -ctk f16 -ctv f16 -b 2048 -mmp 0 -fa 1 -ot "blk\.(4|5|6|7|8|9|10|11|12|13|14|15|16|17|18|19|20|21|22|23|24|25|26|27|28|29|30|31|32|33|34|35|36|37|38|39|40|41|42|43|44|45|46|47)\.ffn_.*_exps\.=CPU" -n 128 -p 0 -r 3 -o json
15:44:36   ok  tok/s=16.242427  wall=60.2s  settle=30.3s  temp 43->45
15:45:07 [30B] a0a320f6489ed136 block 27 matrix B: C:/Users/Federico/Documents/evo-compress/tools/llamacpp-b10098/llama-bench.exe -m D:/evo-compress-data/gguf/Qwen3-30B-A3B-Q2_K.gguf -ngl 32 -ub 2048 -t 1 -ctk q8_0 -ctv f16 -b 2048 -mmp 1 -fa 1 -ot exps=CPU -n 128 -p 0 -r 3 -o json
15:47:23   ok  tok/s=3.484613  wall=135.9s  settle=30.4s  temp 42->41
15:47:53 [30B] b41f8bbebdb5ac89 block 27 matrix AB_ngl: C:/Users/Federico/Documents/evo-compress/tools/llamacpp-b10098/llama-bench.exe -m D:/evo-compress-data/gguf/Qwen3-30B-A3B-Q2_K.gguf -ngl 32 -ub 2048 -t 3 -ctk f16 -ctv f16 -b 2048 -mmp 0 -fa 1 -ot "blk\.(4|5|6|7|8|9|10|11|12|13|14|15|16|17|18|19|20|21|22|23|24|25|26|27|28|29|30|31|32|33|34|35|36|37|38|39|40|41|42|43|44|45|46|47)\.ffn_.*_exps\.=CPU" -n 128 -p 0 -r 3 -o json
15:48:43   ok  tok/s=16.574133  wall=49.5s  settle=30.3s  temp 40->44
15:49:14 [30B] 9f0301a79bcb2060 block 27 matrix AB_t: C:/Users/Federico/Documents/evo-compress/tools/llamacpp-b10098/llama-bench.exe -m D:/evo-compress-data/gguf/Qwen3-30B-A3B-Q2_K.gguf -ngl 16 -ub 2048 -t 1 -ctk f16 -ctv f16 -b 2048 -mmp 0 -fa 1 -ot "blk\.(4|5|6|7|8|9|10|11|12|13|14|15|16|17|18|19|20|21|22|23|24|25|26|27|28|29|30|31|32|33|34|35|36|37|38|39|40|41|42|43|44|45|46|47)\.ffn_.*_exps\.=CPU" -n 128 -p 0 -r 3 -o json
15:50:56   ok  tok/s=5.886802  wall=101.9s  settle=30.4s  temp 42->40
15:51:27 [30B] 782a89388964e3e1 block 27 matrix AB_ctk: C:/Users/Federico/Documents/evo-compress/tools/llamacpp-b10098/llama-bench.exe -m D:/evo-compress-data/gguf/Qwen3-30B-A3B-Q2_K.gguf -ngl 16 -ub 2048 -t 3 -ctk q8_0 -ctv f16 -b 2048 -mmp 0 -fa 1 -ot "blk\.(4|5|6|7|8|9|10|11|12|13|14|15|16|17|18|19|20|21|22|23|24|25|26|27|28|29|30|31|32|33|34|35|36|37|38|39|40|41|42|43|44|45|46|47)\.ffn_.*_exps\.=CPU" -n 128 -p 0 -r 3 -o json
15:52:27   ok  tok/s=15.984463  wall=60.6s  settle=30.3s  temp 39->42
15:52:59 [30B] ab62d059fdb3c610 block 27 matrix AB_mmp: C:/Users/Federico/Documents/evo-compress/tools/llamacpp-b10098/llama-bench.exe -m D:/evo-compress-data/gguf/Qwen3-30B-A3B-Q2_K.gguf -ngl 16 -ub 2048 -t 3 -ctk f16 -ctv f16 -b 2048 -mmp 1 -fa 1 -ot "blk\.(4|5|6|7|8|9|10|11|12|13|14|15|16|17|18|19|20|21|22|23|24|25|26|27|28|29|30|31|32|33|34|35|36|37|38|39|40|41|42|43|44|45|46|47)\.ffn_.*_exps\.=CPU" -n 128 -p 0 -r 3 -o json
15:54:33   ok  tok/s=6.913964  wall=94.4s  settle=30.4s  temp 40->43
15:55:04 [30B] 69809a156e1465c4 block 27 matrix AB_moe_cpu_frac: C:/Users/Federico/Documents/evo-compress/tools/llamacpp-b10098/llama-bench.exe -m D:/evo-compress-data/gguf/Qwen3-30B-A3B-Q2_K.gguf -ngl 16 -ub 2048 -t 3 -ctk f16 -ctv f16 -b 2048 -mmp 0 -fa 1 -ot exps=CPU -n 128 -p 0 -r 3 -o json
15:55:54   ok  tok/s=16.260832  wall=50.0s  settle=30.3s  temp 42->45
15:56:25 [30B] c7ffe7bd15127032 block 28 matrix A: C:/Users/Federico/Documents/evo-compress/tools/llamacpp-b10098/llama-bench.exe -m D:/evo-compress-data/gguf/Qwen3-30B-A3B-Q2_K.gguf -ngl 0 -ub 2048 -t 1 -ctk q8_0 -ctv f16 -b 2048 -mmp 0 -fa 1 -ot "blk\.(8|9|10|11|12|13|14|15|16|17|18|19|20|21|22|23|24|25|26|27|28|29|30|31|32|33|34|35|36|37|38|39|40|41|42|43|44|45|46|47)\.ffn_.*_exps\.=CPU" -n 128 -p 0 -r 3 -o json
15:58:07   ok  tok/s=5.870742  wall=102.0s  settle=30.4s  temp 43->40
15:58:38 [30B] 75d4738ab1c6c4bc block 28 matrix B: C:/Users/Federico/Documents/evo-compress/tools/llamacpp-b10098/llama-bench.exe -m D:/evo-compress-data/gguf/Qwen3-30B-A3B-Q2_K.gguf -ngl 0 -ub 2048 -t 3 -ctk f16 -ctv f16 -b 2048 -mmp 1 -fa 1 -ot "blk\.(4|5|6|7|8|9|10|11|12|13|14|15|16|17|18|19|20|21|22|23|24|25|26|27|28|29|30|31|32|33|34|35|36|37|38|39|40|41|42|43|44|45|46|47)\.ffn_.*_exps\.=CPU" -n 128 -p 0 -r 3 -o json
16:00:21   ok  tok/s=5.927562  wall=102.5s  settle=30.4s  temp 39->38
16:00:52 [30B] 2a6d8dbea886ec17 block 28 matrix AB_ngl: C:/Users/Federico/Documents/evo-compress/tools/llamacpp-b10098/llama-bench.exe -m D:/evo-compress-data/gguf/Qwen3-30B-A3B-Q2_K.gguf -ngl 0 -ub 2048 -t 1 -ctk q8_0 -ctv f16 -b 2048 -mmp 0 -fa 1 -ot "blk\.(8|9|10|11|12|13|14|15|16|17|18|19|20|21|22|23|24|25|26|27|28|29|30|31|32|33|34|35|36|37|38|39|40|41|42|43|44|45|46|47)\.ffn_.*_exps\.=CPU" -n 128 -p 0 -r 3 -o json
16:02:24   ok  tok/s=5.935827  wall=91.9s  settle=30.3s  temp 38->37
16:02:55 [30B] a22c2312db5810f2 block 28 matrix AB_t: C:/Users/Federico/Documents/evo-compress/tools/llamacpp-b10098/llama-bench.exe -m D:/evo-compress-data/gguf/Qwen3-30B-A3B-Q2_K.gguf -ngl 0 -ub 2048 -t 3 -ctk q8_0 -ctv f16 -b 2048 -mmp 0 -fa 1 -ot "blk\.(8|9|10|11|12|13|14|15|16|17|18|19|20|21|22|23|24|25|26|27|28|29|30|31|32|33|34|35|36|37|38|39|40|41|42|43|44|45|46|47)\.ffn_.*_exps\.=CPU" -n 128 -p 0 -r 3 -o json
16:04:01   ok  tok/s=12.730932  wall=66.6s  settle=30.3s  temp 37->37
16:04:32 [30B] 71eff8ba02ec23bf block 28 matrix AB_ctk: C:/Users/Federico/Documents/evo-compress/tools/llamacpp-b10098/llama-bench.exe -m D:/evo-compress-data/gguf/Qwen3-30B-A3B-Q2_K.gguf -ngl 0 -ub 2048 -t 1 -ctk f16 -ctv f16 -b 2048 -mmp 0 -fa 1 -ot "blk\.(8|9|10|11|12|13|14|15|16|17|18|19|20|21|22|23|24|25|26|27|28|29|30|31|32|33|34|35|36|37|38|39|40|41|42|43|44|45|46|47)\.ffn_.*_exps\.=CPU" -n 128 -p 0 -r 3 -o json
16:06:13   ok  tok/s=5.952729  wall=101.0s  settle=30.4s  temp 37->37
16:06:44 [30B] d9c9135ac81c0703 block 28 matrix AB_mmp: C:/Users/Federico/Documents/evo-compress/tools/llamacpp-b10098/llama-bench.exe -m D:/evo-compress-data/gguf/Qwen3-30B-A3B-Q2_K.gguf -ngl 0 -ub 2048 -t 1 -ctk q8_0 -ctv f16 -b 2048 -mmp 1 -fa 1 -ot "blk\.(8|9|10|11|12|13|14|15|16|17|18|19|20|21|22|23|24|25|26|27|28|29|30|31|32|33|34|35|36|37|38|39|40|41|42|43|44|45|46|47)\.ffn_.*_exps\.=CPU" -n 128 -p 0 -r 3 -o json
16:08:54   ok  tok/s=3.763646  wall=129.5s  settle=30.4s  temp 36->36
16:09:25 [30B] 32171d5812517023 block 28 matrix AB_moe_cpu_frac: C:/Users/Federico/Documents/evo-compress/tools/llamacpp-b10098/llama-bench.exe -m D:/evo-compress-data/gguf/Qwen3-30B-A3B-Q2_K.gguf -ngl 0 -ub 2048 -t 1 -ctk q8_0 -ctv f16 -b 2048 -mmp 0 -fa 1 -ot "blk\.(4|5|6|7|8|9|10|11|12|13|14|15|16|17|18|19|20|21|22|23|24|25|26|27|28|29|30|31|32|33|34|35|36|37|38|39|40|41|42|43|44|45|46|47)\.ffn_.*_exps\.=CPU" -n 128 -p 0 -r 3 -o json
16:10:57   ok  tok/s=5.939295  wall=92.0s  settle=30.3s  temp 36->36
16:11:28 [30B] 957986a11c8addb9 block 29 matrix A: C:/Users/Federico/Documents/evo-compress/tools/llamacpp-b10098/llama-bench.exe -m D:/evo-compress-data/gguf/Qwen3-30B-A3B-Q2_K.gguf -ngl 99 -ub 2048 -t 2 -ctk f16 -ctv f16 -b 2048 -mmp 0 -fa 1 -ot "blk\.(4|5|6|7|8|9|10|11|12|13|14|15|16|17|18|19|20|21|22|23|24|25|26|27|28|29|30|31|32|33|34|35|36|37|38|39|40|41|42|43|44|45|46|47)\.ffn_.*_exps\.=CPU" -n 128 -p 0 -r 3 -o json
16:12:30   ok  tok/s=14.481729  wall=62.4s  settle=30.3s  temp 36->40
16:13:01 [30B] 9b278df808ba5428 block 29 matrix B: C:/Users/Federico/Documents/evo-compress/tools/llamacpp-b10098/llama-bench.exe -m D:/evo-compress-data/gguf/Qwen3-30B-A3B-Q2_K.gguf -ngl 0 -ub 2048 -t 3 -ctk q8_0 -ctv f16 -b 2048 -mmp 0 -fa 1 -ot "blk\.(8|9|10|11|12|13|14|15|16|17|18|19|20|21|22|23|24|25|26|27|28|29|30|31|32|33|34|35|36|37|38|39|40|41|42|43|44|45|46|47)\.ffn_.*_exps\.=CPU" -n 128 -p 0 -r 3 -o json
16:14:08   ok  tok/s=12.805583  wall=66.5s  settle=30.4s  temp 38->38
16:14:39 [30B] 5688a17e41980313 block 29 matrix AB_ngl: C:/Users/Federico/Documents/evo-compress/tools/llamacpp-b10098/llama-bench.exe -m D:/evo-compress-data/gguf/Qwen3-30B-A3B-Q2_K.gguf -ngl 0 -ub 2048 -t 2 -ctk f16 -ctv f16 -b 2048 -mmp 0 -fa 1 -ot "blk\.(4|5|6|7|8|9|10|11|12|13|14|15|16|17|18|19|20|21|22|23|24|25|26|27|28|29|30|31|32|33|34|35|36|37|38|39|40|41|42|43|44|45|46|47)\.ffn_.*_exps\.=CPU" -n 128 -p 0 -r 3 -o json
16:15:54   ok  tok/s=9.965928  wall=74.9s  settle=30.4s  temp 37->37
16:16:25 [30B] f659b034e969b18a block 29 matrix AB_t: C:/Users/Federico/Documents/evo-compress/tools/llamacpp-b10098/llama-bench.exe -m D:/evo-compress-data/gguf/Qwen3-30B-A3B-Q2_K.gguf -ngl 99 -ub 2048 -t 3 -ctk f16 -ctv f16 -b 2048 -mmp 0 -fa 1 -ot "blk\.(4|5|6|7|8|9|10|11|12|13|14|15|16|17|18|19|20|21|22|23|24|25|26|27|28|29|30|31|32|33|34|35|36|37|38|39|40|41|42|43|44|45|46|47)\.ffn_.*_exps\.=CPU" -n 128 -p 0 -r 3 -o json
16:17:22   ok  tok/s=18.382641  wall=56.7s  settle=30.3s  temp 36->41
16:17:52 [30B] 7cbda1d1c0b6016d block 29 matrix AB_ctk: C:/Users/Federico/Documents/evo-compress/tools/llamacpp-b10098/llama-bench.exe -m D:/evo-compress-data/gguf/Qwen3-30B-A3B-Q2_K.gguf -ngl 99 -ub 2048 -t 2 -ctk q8_0 -ctv f16 -b 2048 -mmp 0 -fa 1 -ot "blk\.(4|5|6|7|8|9|10|11|12|13|14|15|16|17|18|19|20|21|22|23|24|25|26|27|28|29|30|31|32|33|34|35|36|37|38|39|40|41|42|43|44|45|46|47)\.ffn_.*_exps\.=CPU" -n 128 -p 0 -r 3 -o json
16:18:58   ok  tok/s=13.069897  wall=65.6s  settle=30.4s  temp 39->42
16:19:29 [30B] 8c3786f79c1fb8d8 block 29 matrix AB_mmp: C:/Users/Federico/Documents/evo-compress/tools/llamacpp-b10098/llama-bench.exe -m D:/evo-compress-data/gguf/Qwen3-30B-A3B-Q2_K.gguf -ngl 99 -ub 2048 -t 2 -ctk f16 -ctv f16 -b 2048 -mmp 0 -fa 1 -ot "blk\.(4|5|6|7|8|9|10|11|12|13|14|15|16|17|18|19|20|21|22|23|24|25|26|27|28|29|30|31|32|33|34|35|36|37|38|39|40|41|42|43|44|45|46|47)\.ffn_.*_exps\.=CPU" -n 128 -p 0 -r 3 -o json
16:20:32   ok  tok/s=14.564542  wall=62.5s  settle=30.4s  temp 40->43
16:21:03 [30B] 7b0de67239fec6e9 block 29 matrix AB_moe_cpu_frac: C:/Users/Federico/Documents/evo-compress/tools/llamacpp-b10098/llama-bench.exe -m D:/evo-compress-data/gguf/Qwen3-30B-A3B-Q2_K.gguf -ngl 99 -ub 2048 -t 2 -ctk f16 -ctv f16 -b 2048 -mmp 0 -fa 1 -ot "blk\.(8|9|10|11|12|13|14|15|16|17|18|19|20|21|22|23|24|25|26|27|28|29|30|31|32|33|34|35|36|37|38|39|40|41|42|43|44|45|46|47)\.ffn_.*_exps\.=CPU" -n 128 -p 0 -r 3 -o json
16:22:04   ok  tok/s=15.134431  wall=61.1s  settle=30.4s  temp 41->45
16:22:35 [30B] 623dfe20ff6a4057 block 30 matrix A: C:/Users/Federico/Documents/evo-compress/tools/llamacpp-b10098/llama-bench.exe -m D:/evo-compress-data/gguf/Qwen3-30B-A3B-Q2_K.gguf -ngl 16 -ub 2048 -t 1 -ctk f16 -ctv f16 -b 2048 -mmp 1 -fa 1 -ot "blk\.(4|5|6|7|8|9|10|11|12|13|14|15|16|17|18|19|20|21|22|23|24|25|26|27|28|29|30|31|32|33|34|35|36|37|38|39|40|41|42|43|44|45|46|47)\.ffn_.*_exps\.=CPU" -n 128 -p 0 -r 3 -o json
16:24:37   ok  tok/s=3.849436  wall=122.2s  settle=30.4s  temp 43->40
16:25:08 [30B] fa373d277d7ae233 block 30 matrix B: C:/Users/Federico/Documents/evo-compress/tools/llamacpp-b10098/llama-bench.exe -m D:/evo-compress-data/gguf/Qwen3-30B-A3B-Q2_K.gguf -ngl 32 -ub 2048 -t 3 -ctk q8_0 -ctv f16 -b 2048 -mmp 1 -fa 1 -ot exps=CPU -n 128 -p 0 -r 3 -o json
16:25:38   ok  tok/s=13.74644  wall=29.9s  settle=30.3s  temp 39->42
16:26:09 [30B] 55c18ca20d35e977 block 30 matrix AB_ngl: C:/Users/Federico/Documents/evo-compress/tools/llamacpp-b10098/llama-bench.exe -m D:/evo-compress-data/gguf/Qwen3-30B-A3B-Q2_K.gguf -ngl 32 -ub 2048 -t 1 -ctk f16 -ctv f16 -b 2048 -mmp 1 -fa 1 -ot "blk\.(4|5|6|7|8|9|10|11|12|13|14|15|16|17|18|19|20|21|22|23|24|25|26|27|28|29|30|31|32|33|34|35|36|37|38|39|40|41|42|43|44|45|46|47)\.ffn_.*_exps\.=CPU" -n 128 -p 0 -r 3 -o json
16:27:00   ok  tok/s=7.831497  wall=51.5s  settle=30.4s  temp 42->45
16:27:31 [30B] c8f47a16e1ae18f6 block 30 matrix AB_t: C:/Users/Federico/Documents/evo-compress/tools/llamacpp-b10098/llama-bench.exe -m D:/evo-compress-data/gguf/Qwen3-30B-A3B-Q2_K.gguf -ngl 16 -ub 2048 -t 3 -ctk f16 -ctv f16 -b 2048 -mmp 1 -fa 1 -ot "blk\.(4|5|6|7|8|9|10|11|12|13|14|15|16|17|18|19|20|21|22|23|24|25|26|27|28|29|30|31|32|33|34|35|36|37|38|39|40|41|42|43|44|45|46|47)\.ffn_.*_exps\.=CPU" -n 128 -p 0 -r 3 -o json
16:27:59   ok  tok/s=14.397353  wall=28.4s  settle=30.3s  temp 43->44
16:28:30 [30B] eaa14efda12af7ed block 30 matrix AB_ctk: C:/Users/Federico/Documents/evo-compress/tools/llamacpp-b10098/llama-bench.exe -m D:/evo-compress-data/gguf/Qwen3-30B-A3B-Q2_K.gguf -ngl 16 -ub 2048 -t 1 -ctk q8_0 -ctv f16 -b 2048 -mmp 1 -fa 1 -ot "blk\.(4|5|6|7|8|9|10|11|12|13|14|15|16|17|18|19|20|21|22|23|24|25|26|27|28|29|30|31|32|33|34|35|36|37|38|39|40|41|42|43|44|45|46|47)\.ffn_.*_exps\.=CPU" -n 128 -p 0 -r 3 -o json
16:29:40   ok  tok/s=5.618663  wall=70.3s  settle=30.4s  temp 45->42
16:30:11 [30B] 1b6141398948376e block 30 matrix AB_mmp: C:/Users/Federico/Documents/evo-compress/tools/llamacpp-b10098/llama-bench.exe -m D:/evo-compress-data/gguf/Qwen3-30B-A3B-Q2_K.gguf -ngl 16 -ub 2048 -t 1 -ctk f16 -ctv f16 -b 2048 -mmp 1 -fa 1 -ot "blk\.(4|5|6|7|8|9|10|11|12|13|14|15|16|17|18|19|20|21|22|23|24|25|26|27|28|29|30|31|32|33|34|35|36|37|38|39|40|41|42|43|44|45|46|47)\.ffn_.*_exps\.=CPU" -n 128 -p 0 -r 3 -o json
16:31:20   ok  tok/s=5.781454  wall=68.5s  settle=30.3s  temp 41->40
16:31:50 [30B] 3f24cb60bfac8903 block 30 matrix AB_moe_cpu_frac: C:/Users/Federico/Documents/evo-compress/tools/llamacpp-b10098/llama-bench.exe -m D:/evo-compress-data/gguf/Qwen3-30B-A3B-Q2_K.gguf -ngl 16 -ub 2048 -t 1 -ctk f16 -ctv f16 -b 2048 -mmp 1 -fa 1 -ot exps=CPU -n 128 -p 0 -r 3 -o json
16:32:59   ok  tok/s=5.760804  wall=68.9s  settle=30.3s  temp 40->40
16:33:30 [30B] ab5aa96c94eb2022 block 31 matrix A: C:/Users/Federico/Documents/evo-compress/tools/llamacpp-b10098/llama-bench.exe -m D:/evo-compress-data/gguf/Qwen3-30B-A3B-Q2_K.gguf -ngl 32 -ub 2048 -t 3 -ctk q8_0 -ctv f16 -b 2048 -mmp 1 -fa 1 -ot "blk\.(12|13|14|15|16|17|18|19|20|21|22|23|24|25|26|27|28|29|30|31|32|33|34|35|36|37|38|39|40|41|42|43|44|45|46|47)\.ffn_.*_exps\.=CPU" -n 128 -p 0 -r 3 -o json
16:33:58   ok  tok/s=14.711867  wall=28.1s  settle=30.4s  temp 39->43
16:34:29 [30B] 7b4c3ec59282d0e6 block 31 matrix B: C:/Users/Federico/Documents/evo-compress/tools/llamacpp-b10098/llama-bench.exe -m D:/evo-compress-data/gguf/Qwen3-30B-A3B-Q2_K.gguf -ngl 99 -ub 2048 -t 1 -ctk q8_0 -ctv f16 -b 2048 -mmp 1 -fa 1 -ot exps=CPU -n 128 -p 0 -r 3 -o json
16:35:25   ok  tok/s=7.178355  wall=55.7s  settle=30.4s  temp 43->45
16:35:56 [30B] 08d9d8466bda01b4 block 31 matrix AB_ngl: C:/Users/Federico/Documents/evo-compress/tools/llamacpp-b10098/llama-bench.exe -m D:/evo-compress-data/gguf/Qwen3-30B-A3B-Q2_K.gguf -ngl 99 -ub 2048 -t 3 -ctk q8_0 -ctv f16 -b 2048 -mmp 1 -fa 1 -ot "blk\.(12|13|14|15|16|17|18|19|20|21|22|23|24|25|26|27|28|29|30|31|32|33|34|35|36|37|38|39|40|41|42|43|44|45|46|47)\.ffn_.*_exps\.=CPU" -n 128 -p 0 -r 3 -o json
16:36:23   ok  tok/s=16.299698  wall=27.6s  settle=30.3s  temp 42->49
16:36:54 [30B] 7868df5ecfba0c20 block 31 matrix AB_t: C:/Users/Federico/Documents/evo-compress/tools/llamacpp-b10098/llama-bench.exe -m D:/evo-compress-data/gguf/Qwen3-30B-A3B-Q2_K.gguf -ngl 32 -ub 2048 -t 1 -ctk q8_0 -ctv f16 -b 2048 -mmp 1 -fa 1 -ot "blk\.(12|13|14|15|16|17|18|19|20|21|22|23|24|25|26|27|28|29|30|31|32|33|34|35|36|37|38|39|40|41|42|43|44|45|46|47)\.ffn_.*_exps\.=CPU" -n 128 -p 0 -r 3 -o json
16:37:48   ok  tok/s=7.412921  wall=54.3s  settle=30.3s  temp 44->47
16:38:19 [30B] 14bf4893db78d66c block 31 matrix AB_ctk: C:/Users/Federico/Documents/evo-compress/tools/llamacpp-b10098/llama-bench.exe -m D:/evo-compress-data/gguf/Qwen3-30B-A3B-Q2_K.gguf -ngl 32 -ub 2048 -t 3 -ctk q8_0 -ctv f16 -b 2048 -mmp 1 -fa 1 -ot "blk\.(12|13|14|15|16|17|18|19|20|21|22|23|24|25|26|27|28|29|30|31|32|33|34|35|36|37|38|39|40|41|42|43|44|45|46|47)\.ffn_.*_exps\.=CPU" -n 128 -p 0 -r 3 -o json
16:38:49   ok  tok/s=13.614914  wall=30.3s  settle=30.4s  temp 44->46
16:39:20 [30B] af0d69813863fc85 block 31 matrix AB_mmp: C:/Users/Federico/Documents/evo-compress/tools/llamacpp-b10098/llama-bench.exe -m D:/evo-compress-data/gguf/Qwen3-30B-A3B-Q2_K.gguf -ngl 32 -ub 2048 -t 3 -ctk q8_0 -ctv f16 -b 2048 -mmp 1 -fa 1 -ot "blk\.(12|13|14|15|16|17|18|19|20|21|22|23|24|25|26|27|28|29|30|31|32|33|34|35|36|37|38|39|40|41|42|43|44|45|46|47)\.ffn_.*_exps\.=CPU" -n 128 -p 0 -r 3 -o json
16:39:50   ok  tok/s=14.003724  wall=29.5s  settle=30.4s  temp 45->47
16:40:20 [30B] 35f39c1e065e855c block 31 matrix AB_moe_cpu_frac: C:/Users/Federico/Documents/evo-compress/tools/llamacpp-b10098/llama-bench.exe -m D:/evo-compress-data/gguf/Qwen3-30B-A3B-Q2_K.gguf -ngl 32 -ub 2048 -t 3 -ctk q8_0 -ctv f16 -b 2048 -mmp 1 -fa 1 -ot exps=CPU -n 128 -p 0 -r 3 -o json
16:40:50   ok  tok/s=13.920847  wall=29.7s  settle=30.4s  temp 46->48
16:41:21 [30B] 6ed612f2d1510ddc block 32 matrix A: C:/Users/Federico/Documents/evo-compress/tools/llamacpp-b10098/llama-bench.exe -m D:/evo-compress-data/gguf/Qwen3-30B-A3B-Q2_K.gguf -ngl 99 -ub 2048 -t 2 -ctk f16 -ctv f16 -b 2048 -mmp 0 -fa 1 -ot "blk\.(12|13|14|15|16|17|18|19|20|21|22|23|24|25|26|27|28|29|30|31|32|33|34|35|36|37|38|39|40|41|42|43|44|45|46|47)\.ffn_.*_exps\.=CPU" -n 128 -p 0 -r 3 -o json
16:42:04   ok  tok/s=16.625704  wall=43.0s  settle=30.4s  temp 47->52
16:42:35 [30B] 7efcba9fd60d89be block 32 matrix B: C:/Users/Federico/Documents/evo-compress/tools/llamacpp-b10098/llama-bench.exe -m D:/evo-compress-data/gguf/Qwen3-30B-A3B-Q2_K.gguf -ngl 99 -ub 2048 -t 2 -ctk q8_0 -ctv f16 -b 2048 -mmp 1 -fa 1 -ot "blk\.(12|13|14|15|16|17|18|19|20|21|22|23|24|25|26|27|28|29|30|31|32|33|34|35|36|37|38|39|40|41|42|43|44|45|46|47)\.ffn_.*_exps\.=CPU" -n 128 -p 0 -r 3 -o json
16:43:51   ok  tok/s=7.673827  wall=76.5s  settle=30.3s  temp 48->51
16:44:22 [30B] 702dbb969cc81ba8 block 32 matrix AB_ngl: C:/Users/Federico/Documents/evo-compress/tools/llamacpp-b10098/llama-bench.exe -m D:/evo-compress-data/gguf/Qwen3-30B-A3B-Q2_K.gguf -ngl 99 -ub 2048 -t 2 -ctk f16 -ctv f16 -b 2048 -mmp 0 -fa 1 -ot "blk\.(12|13|14|15|16|17|18|19|20|21|22|23|24|25|26|27|28|29|30|31|32|33|34|35|36|37|38|39|40|41|42|43|44|45|46|47)\.ffn_.*_exps\.=CPU" -n 128 -p 0 -r 3 -o json
16:45:07   ok  tok/s=15.971992  wall=45.1s  settle=30.3s  temp 47->52
16:45:38 [30B] 735f085f6263f9b0 block 32 matrix AB_t: C:/Users/Federico/Documents/evo-compress/tools/llamacpp-b10098/llama-bench.exe -m D:/evo-compress-data/gguf/Qwen3-30B-A3B-Q2_K.gguf -ngl 99 -ub 2048 -t 2 -ctk f16 -ctv f16 -b 2048 -mmp 0 -fa 1 -ot "blk\.(12|13|14|15|16|17|18|19|20|21|22|23|24|25|26|27|28|29|30|31|32|33|34|35|36|37|38|39|40|41|42|43|44|45|46|47)\.ffn_.*_exps\.=CPU" -n 128 -p 0 -r 3 -o json
16:46:37   ok  tok/s=16.285105  wall=58.9s  settle=30.4s  temp 47->52
16:47:08 [30B] a87cee1340491202 block 32 matrix AB_ctk: C:/Users/Federico/Documents/evo-compress/tools/llamacpp-b10098/llama-bench.exe -m D:/evo-compress-data/gguf/Qwen3-30B-A3B-Q2_K.gguf -ngl 99 -ub 2048 -t 2 -ctk q8_0 -ctv f16 -b 2048 -mmp 0 -fa 1 -ot "blk\.(12|13|14|15|16|17|18|19|20|21|22|23|24|25|26|27|28|29|30|31|32|33|34|35|36|37|38|39|40|41|42|43|44|45|46|47)\.ffn_.*_exps\.=CPU" -n 128 -p 0 -r 3 -o json
16:48:10   ok  tok/s=14.174881  wall=62.2s  settle=30.3s  temp 48->53
16:48:41 [30B] 1dd11210b813c1df block 32 matrix AB_mmp: C:/Users/Federico/Documents/evo-compress/tools/llamacpp-b10098/llama-bench.exe -m D:/evo-compress-data/gguf/Qwen3-30B-A3B-Q2_K.gguf -ngl 99 -ub 2048 -t 2 -ctk f16 -ctv f16 -b 2048 -mmp 1 -fa 1 -ot "blk\.(12|13|14|15|16|17|18|19|20|21|22|23|24|25|26|27|28|29|30|31|32|33|34|35|36|37|38|39|40|41|42|43|44|45|46|47)\.ffn_.*_exps\.=CPU" -n 128 -p 0 -r 3 -o json
16:49:50   ok  tok/s=9.323661  wall=68.6s  settle=30.4s  temp 48->53
16:50:21 [30B] 79ed336783cf3c3f block 32 matrix AB_moe_cpu_frac: C:/Users/Federico/Documents/evo-compress/tools/llamacpp-b10098/llama-bench.exe -m D:/evo-compress-data/gguf/Qwen3-30B-A3B-Q2_K.gguf -ngl 99 -ub 2048 -t 2 -ctk f16 -ctv f16 -b 2048 -mmp 0 -fa 1 -ot "blk\.(12|13|14|15|16|17|18|19|20|21|22|23|24|25|26|27|28|29|30|31|32|33|34|35|36|37|38|39|40|41|42|43|44|45|46|47)\.ffn_.*_exps\.=CPU" -n 128 -p 0 -r 3 -o json
16:51:06   ok  tok/s=16.138724  wall=44.8s  settle=30.4s  temp 48->53
16:51:36 [30B] afceface6754242a block 33 matrix A: C:/Users/Federico/Documents/evo-compress/tools/llamacpp-b10098/llama-bench.exe -m D:/evo-compress-data/gguf/Qwen3-30B-A3B-Q2_K.gguf -ngl 0 -ub 2048 -t 4 -ctk q8_0 -ctv f16 -b 2048 -mmp 1 -fa 1 -ot "blk\.(8|9|10|11|12|13|14|15|16|17|18|19|20|21|22|23|24|25|26|27|28|29|30|31|32|33|34|35|36|37|38|39|40|41|42|43|44|45|46|47)\.ffn_.*_exps\.=CPU" -n 128 -p 0 -r 3 -o json
16:52:44   ok  tok/s=8.065015  wall=67.9s  settle=30.4s  temp 48->45
16:53:15 [30B] aa67ff2d1ba33ddf block 33 matrix B: C:/Users/Federico/Documents/evo-compress/tools/llamacpp-b10098/llama-bench.exe -m D:/evo-compress-data/gguf/Qwen3-30B-A3B-Q2_K.gguf -ngl 16 -ub 2048 -t 3 -ctk f16 -ctv f16 -b 2048 -mmp 0 -fa 1 -ot "blk\.(12|13|14|15|16|17|18|19|20|21|22|23|24|25|26|27|28|29|30|31|32|33|34|35|36|37|38|39|40|41|42|43|44|45|46|47)\.ffn_.*_exps\.=CPU" -n 128 -p 0 -r 3 -o json
16:54:06   ok  tok/s=16.790428  wall=50.4s  settle=30.4s  temp 44->46
16:54:37 [30B] e796c1fdf6aab7e6 block 33 matrix AB_ngl: C:/Users/Federico/Documents/evo-compress/tools/llamacpp-b10098/llama-bench.exe -m D:/evo-compress-data/gguf/Qwen3-30B-A3B-Q2_K.gguf -ngl 16 -ub 2048 -t 4 -ctk q8_0 -ctv f16 -b 2048 -mmp 1 -fa 1 -ot "blk\.(8|9|10|11|12|13|14|15|16|17|18|19|20|21|22|23|24|25|26|27|28|29|30|31|32|33|34|35|36|37|38|39|40|41|42|43|44|45|46|47)\.ffn_.*_exps\.=CPU" -n 128 -p 0 -r 3 -o json
16:55:59   ok  tok/s=7.490165  wall=82.3s  settle=30.4s  temp 44->44
16:56:30 [30B] 0a295cf8b837f1cf block 33 matrix AB_t: C:/Users/Federico/Documents/evo-compress/tools/llamacpp-b10098/llama-bench.exe -m D:/evo-compress-data/gguf/Qwen3-30B-A3B-Q2_K.gguf -ngl 0 -ub 2048 -t 3 -ctk q8_0 -ctv f16 -b 2048 -mmp 1 -fa 1 -ot "blk\.(8|9|10|11|12|13|14|15|16|17|18|19|20|21|22|23|24|25|26|27|28|29|30|31|32|33|34|35|36|37|38|39|40|41|42|43|44|45|46|47)\.ffn_.*_exps\.=CPU" -n 128 -p 0 -r 3 -o json
16:57:03   ok  tok/s=12.394411  wall=32.9s  settle=30.4s  temp 45->44
16:57:33 [30B] 190f285e7f64dc61 block 33 matrix AB_ctk: C:/Users/Federico/Documents/evo-compress/tools/llamacpp-b10098/llama-bench.exe -m D:/evo-compress-data/gguf/Qwen3-30B-A3B-Q2_K.gguf -ngl 0 -ub 2048 -t 4 -ctk f16 -ctv f16 -b 2048 -mmp 1 -fa 1 -ot "blk\.(8|9|10|11|12|13|14|15|16|17|18|19|20|21|22|23|24|25|26|27|28|29|30|31|32|33|34|35|36|37|38|39|40|41|42|43|44|45|46|47)\.ffn_.*_exps\.=CPU" -n 128 -p 0 -r 3 -o json
16:58:03   ok  tok/s=13.801139  wall=29.4s  settle=30.3s  temp 42->42
16:58:34 [30B] e82417957552c9c4 block 33 matrix AB_mmp: C:/Users/Federico/Documents/evo-compress/tools/llamacpp-b10098/llama-bench.exe -m D:/evo-compress-data/gguf/Qwen3-30B-A3B-Q2_K.gguf -ngl 0 -ub 2048 -t 4 -ctk q8_0 -ctv f16 -b 2048 -mmp 0 -fa 1 -ot "blk\.(8|9|10|11|12|13|14|15|16|17|18|19|20|21|22|23|24|25|26|27|28|29|30|31|32|33|34|35|36|37|38|39|40|41|42|43|44|45|46|47)\.ffn_.*_exps\.=CPU" -n 128 -p 0 -r 3 -o json
16:59:29   ok  tok/s=13.590033  wall=55.4s  settle=30.3s  temp 41->40
17:00:00 [30B] 2e5faf4fb6415987 block 33 matrix AB_moe_cpu_frac: C:/Users/Federico/Documents/evo-compress/tools/llamacpp-b10098/llama-bench.exe -m D:/evo-compress-data/gguf/Qwen3-30B-A3B-Q2_K.gguf -ngl 0 -ub 2048 -t 4 -ctk q8_0 -ctv f16 -b 2048 -mmp 1 -fa 1 -ot "blk\.(12|13|14|15|16|17|18|19|20|21|22|23|24|25|26|27|28|29|30|31|32|33|34|35|36|37|38|39|40|41|42|43|44|45|46|47)\.ffn_.*_exps\.=CPU" -n 128 -p 0 -r 3 -o json
17:01:23   ok  tok/s=6.814143  wall=82.9s  settle=30.3s  temp 39->39
17:01:54 [30B] dfd1a6d59a644e6e block 34 matrix A: C:/Users/Federico/Documents/evo-compress/tools/llamacpp-b10098/llama-bench.exe -m D:/evo-compress-data/gguf/Qwen3-30B-A3B-Q2_K.gguf -ngl 99 -ub 2048 -t 2 -ctk q8_0 -ctv f16 -b 2048 -mmp 1 -fa 1 -ot "blk\.(12|13|14|15|16|17|18|19|20|21|22|23|24|25|26|27|28|29|30|31|32|33|34|35|36|37|38|39|40|41|42|43|44|45|46|47)\.ffn_.*_exps\.=CPU" -n 128 -p 0 -r 3 -o json
17:02:32   ok  tok/s=12.458572  wall=37.7s  settle=30.3s  temp 38->43
17:03:03 [30B] 303487b75fb84d1f block 34 matrix B: C:/Users/Federico/Documents/evo-compress/tools/llamacpp-b10098/llama-bench.exe -m D:/evo-compress-data/gguf/Qwen3-30B-A3B-Q2_K.gguf -ngl 16 -ub 2048 -t 2 -ctk f16 -ctv f16 -b 2048 -mmp 0 -fa 1 -ot "blk\.(4|5|6|7|8|9|10|11|12|13|14|15|16|17|18|19|20|21|22|23|24|25|26|27|28|29|30|31|32|33|34|35|36|37|38|39|40|41|42|43|44|45|46|47)\.ffn_.*_exps\.=CPU" -n 128 -p 0 -r 3 -o json
17:03:59   ok  tok/s=12.43889  wall=56.4s  settle=30.3s  temp 42->45
17:04:30 [30B] 200eab4f0ef8a8c6 block 34 matrix AB_ngl: C:/Users/Federico/Documents/evo-compress/tools/llamacpp-b10098/llama-bench.exe -m D:/evo-compress-data/gguf/Qwen3-30B-A3B-Q2_K.gguf -ngl 16 -ub 2048 -t 2 -ctk q8_0 -ctv f16 -b 2048 -mmp 1 -fa 1 -ot "blk\.(12|13|14|15|16|17|18|19|20|21|22|23|24|25|26|27|28|29|30|31|32|33|34|35|36|37|38|39|40|41|42|43|44|45|46|47)\.ffn_.*_exps\.=CPU" -n 128 -p 0 -r 3 -o json
17:06:55   ok  tok/s=3.97079  wall=145.2s  settle=30.4s  temp 42->40
17:07:26 [30B] 6ef9530c8dc1d0b3 block 34 matrix AB_t: C:/Users/Federico/Documents/evo-compress/tools/llamacpp-b10098/llama-bench.exe -m D:/evo-compress-data/gguf/Qwen3-30B-A3B-Q2_K.gguf -ngl 99 -ub 2048 -t 2 -ctk q8_0 -ctv f16 -b 2048 -mmp 1 -fa 1 -ot "blk\.(12|13|14|15|16|17|18|19|20|21|22|23|24|25|26|27|28|29|30|31|32|33|34|35|36|37|38|39|40|41|42|43|44|45|46|47)\.ffn_.*_exps\.=CPU" -n 128 -p 0 -r 3 -o json
17:08:02   ok  tok/s=13.179716  wall=35.8s  settle=30.3s  temp 39->44
17:08:33 [30B] 056b224bd66409d1 block 34 matrix AB_ctk: C:/Users/Federico/Documents/evo-compress/tools/llamacpp-b10098/llama-bench.exe -m D:/evo-compress-data/gguf/Qwen3-30B-A3B-Q2_K.gguf -ngl 99 -ub 2048 -t 2 -ctk f16 -ctv f16 -b 2048 -mmp 1 -fa 1 -ot "blk\.(12|13|14|15|16|17|18|19|20|21|22|23|24|25|26|27|28|29|30|31|32|33|34|35|36|37|38|39|40|41|42|43|44|45|46|47)\.ffn_.*_exps\.=CPU" -n 128 -p 0 -r 3 -o json
17:09:02   ok  tok/s=15.107034  wall=28.9s  settle=30.4s  temp 42->47
17:09:32 [30B] 4add870a9eb97d7d block 34 matrix AB_mmp: C:/Users/Federico/Documents/evo-compress/tools/llamacpp-b10098/llama-bench.exe -m D:/evo-compress-data/gguf/Qwen3-30B-A3B-Q2_K.gguf -ngl 99 -ub 2048 -t 2 -ctk q8_0 -ctv f16 -b 2048 -mmp 0 -fa 1 -ot "blk\.(12|13|14|15|16|17|18|19|20|21|22|23|24|25|26|27|28|29|30|31|32|33|34|35|36|37|38|39|40|41|42|43|44|45|46|47)\.ffn_.*_exps\.=CPU" -n 128 -p 0 -r 3 -o json
17:10:20   ok  tok/s=14.050406  wall=47.6s  settle=30.4s  temp 43->49
17:10:51 [30B] 24296647a138eda8 block 34 matrix AB_moe_cpu_frac: C:/Users/Federico/Documents/evo-compress/tools/llamacpp-b10098/llama-bench.exe -m D:/evo-compress-data/gguf/Qwen3-30B-A3B-Q2_K.gguf -ngl 99 -ub 2048 -t 2 -ctk q8_0 -ctv f16 -b 2048 -mmp 1 -fa 1 -ot "blk\.(4|5|6|7|8|9|10|11|12|13|14|15|16|17|18|19|20|21|22|23|24|25|26|27|28|29|30|31|32|33|34|35|36|37|38|39|40|41|42|43|44|45|46|47)\.ffn_.*_exps\.=CPU" -n 128 -p 0 -r 3 -o json
17:12:20   ok  tok/s=6.529075  wall=89.5s  settle=30.4s  temp 45->48
17:12:51 [30B] 2fb08c350636c58b block 35 matrix A: C:/Users/Federico/Documents/evo-compress/tools/llamacpp-b10098/llama-bench.exe -m D:/evo-compress-data/gguf/Qwen3-30B-A3B-Q2_K.gguf -ngl 99 -ub 2048 -t 1 -ctk q8_0 -ctv f16 -b 2048 -mmp 1 -fa 1 -ot "blk\.(12|13|14|15|16|17|18|19|20|21|22|23|24|25|26|27|28|29|30|31|32|33|34|35|36|37|38|39|40|41|42|43|44|45|46|47)\.ffn_.*_exps\.=CPU" -n 128 -p 0 -r 3 -o json
17:13:42   ok  tok/s=8.603433  wall=50.4s  settle=30.4s  temp 45->48
17:14:12 [30B] ee678c029df9263b block 35 matrix B: C:/Users/Federico/Documents/evo-compress/tools/llamacpp-b10098/llama-bench.exe -m D:/evo-compress-data/gguf/Qwen3-30B-A3B-Q2_K.gguf -ngl 32 -ub 2048 -t 2 -ctk q8_0 -ctv f16 -b 2048 -mmp 0 -fa 1 -ot "blk\.(12|13|14|15|16|17|18|19|20|21|22|23|24|25|26|27|28|29|30|31|32|33|34|35|36|37|38|39|40|41|42|43|44|45|46|47)\.ffn_.*_exps\.=CPU" -n 128 -p 0 -r 3 -o json
17:15:08   ok  tok/s=12.472148  wall=55.8s  settle=30.4s  temp 45->48
17:15:39 [30B] 957fd3057eb6ef21 block 35 matrix AB_ngl: C:/Users/Federico/Documents/evo-compress/tools/llamacpp-b10098/llama-bench.exe -m D:/evo-compress-data/gguf/Qwen3-30B-A3B-Q2_K.gguf -ngl 32 -ub 2048 -t 1 -ctk q8_0 -ctv f16 -b 2048 -mmp 1 -fa 1 -ot "blk\.(12|13|14|15|16|17|18|19|20|21|22|23|24|25|26|27|28|29|30|31|32|33|34|35|36|37|38|39|40|41|42|43|44|45|46|47)\.ffn_.*_exps\.=CPU" -n 128 -p 0 -r 3 -o json
17:17:47   ok  tok/s=3.632209  wall=127.5s  settle=30.4s  temp 45->42
17:18:18 [30B] 9598c44be05963b7 block 35 matrix AB_t: C:/Users/Federico/Documents/evo-compress/tools/llamacpp-b10098/llama-bench.exe -m D:/evo-compress-data/gguf/Qwen3-30B-A3B-Q2_K.gguf -ngl 99 -ub 2048 -t 2 -ctk q8_0 -ctv f16 -b 2048 -mmp 1 -fa 1 -ot "blk\.(12|13|14|15|16|17|18|19|20|21|22|23|24|25|26|27|28|29|30|31|32|33|34|35|36|37|38|39|40|41|42|43|44|45|46|47)\.ffn_.*_exps\.=CPU" -n 128 -p 0 -r 3 -o json
17:18:52   ok  tok/s=13.151176  wall=34.4s  settle=30.4s  temp 41->46
17:19:23 [30B] 430c42f057a681fe block 35 matrix AB_ctk: C:/Users/Federico/Documents/evo-compress/tools/llamacpp-b10098/llama-bench.exe -m D:/evo-compress-data/gguf/Qwen3-30B-A3B-Q2_K.gguf -ngl 99 -ub 2048 -t 1 -ctk q8_0 -ctv f16 -b 2048 -mmp 1 -fa 1 -ot "blk\.(12|13|14|15|16|17|18|19|20|21|22|23|24|25|26|27|28|29|30|31|32|33|34|35|36|37|38|39|40|41|42|43|44|45|46|47)\.ffn_.*_exps\.=CPU" -n 128 -p 0 -r 3 -o json
17:20:10   ok  tok/s=8.88706  wall=46.7s  settle=30.4s  temp 43->47
17:20:40 [30B] 080030901ee08d81 block 35 matrix AB_mmp: C:/Users/Federico/Documents/evo-compress/tools/llamacpp-b10098/llama-bench.exe -m D:/evo-compress-data/gguf/Qwen3-30B-A3B-Q2_K.gguf -ngl 99 -ub 2048 -t 1 -ctk q8_0 -ctv f16 -b 2048 -mmp 0 -fa 1 -ot "blk\.(12|13|14|15|16|17|18|19|20|21|22|23|24|25|26|27|28|29|30|31|32|33|34|35|36|37|38|39|40|41|42|43|44|45|46|47)\.ffn_.*_exps\.=CPU" -n 128 -p 0 -r 3 -o json
17:21:45   ok  tok/s=8.770021  wall=64.5s  settle=30.4s  temp 44->48
17:22:16 [30B] 2f37e7288b4b2f82 block 35 matrix AB_moe_cpu_frac: C:/Users/Federico/Documents/evo-compress/tools/llamacpp-b10098/llama-bench.exe -m D:/evo-compress-data/gguf/Qwen3-30B-A3B-Q2_K.gguf -ngl 99 -ub 2048 -t 1 -ctk q8_0 -ctv f16 -b 2048 -mmp 1 -fa 1 -ot "blk\.(12|13|14|15|16|17|18|19|20|21|22|23|24|25|26|27|28|29|30|31|32|33|34|35|36|37|38|39|40|41|42|43|44|45|46|47)\.ffn_.*_exps\.=CPU" -n 128 -p 0 -r 3 -o json
17:23:32   ok  tok/s=6.833351  wall=75.8s  settle=30.4s  temp 45->48
17:24:02 [30B] c7de4d7fe0346b14 block 36 matrix A: C:/Users/Federico/Documents/evo-compress/tools/llamacpp-b10098/llama-bench.exe -m D:/evo-compress-data/gguf/Qwen3-30B-A3B-Q2_K.gguf -ngl 32 -ub 2048 -t 1 -ctk f16 -ctv f16 -b 2048 -mmp 0 -fa 1 -ot "blk\.(8|9|10|11|12|13|14|15|16|17|18|19|20|21|22|23|24|25|26|27|28|29|30|31|32|33|34|35|36|37|38|39|40|41|42|43|44|45|46|47)\.ffn_.*_exps\.=CPU" -n 128 -p 0 -r 3 -o json
17:25:18   ok  tok/s=7.732794  wall=76.0s  settle=30.4s  temp 45->45
17:25:49 [30B] e2e51419865e22d6 block 36 matrix B: C:/Users/Federico/Documents/evo-compress/tools/llamacpp-b10098/llama-bench.exe -m D:/evo-compress-data/gguf/Qwen3-30B-A3B-Q2_K.gguf -ngl 99 -ub 2048 -t 4 -ctk q8_0 -ctv f16 -b 2048 -mmp 1 -fa 1 -ot "blk\.(4|5|6|7|8|9|10|11|12|13|14|15|16|17|18|19|20|21|22|23|24|25|26|27|28|29|30|31|32|33|34|35|36|37|38|39|40|41|42|43|44|45|46|47)\.ffn_.*_exps\.=CPU" -n 128 -p 0 -r 3 -o json
17:27:07   ok  tok/s=7.718213  wall=77.1s  settle=30.3s  temp 44->46
17:27:37 [30B] 2b5d57d4e8ca9f76 block 36 matrix AB_ngl: C:/Users/Federico/Documents/evo-compress/tools/llamacpp-b10098/llama-bench.exe -m D:/evo-compress-data/gguf/Qwen3-30B-A3B-Q2_K.gguf -ngl 99 -ub 2048 -t 1 -ctk f16 -ctv f16 -b 2048 -mmp 0 -fa 1 -ot "blk\.(8|9|10|11|12|13|14|15|16|17|18|19|20|21|22|23|24|25|26|27|28|29|30|31|32|33|34|35|36|37|38|39|40|41|42|43|44|45|46|47)\.ffn_.*_exps\.=CPU" -n 128 -p 0 -r 3 -o json
17:28:37   ok  tok/s=10.478687  wall=59.9s  settle=30.4s  temp 47->49
17:29:08 [30B] 08a446c610cdb764 block 36 matrix AB_t: C:/Users/Federico/Documents/evo-compress/tools/llamacpp-b10098/llama-bench.exe -m D:/evo-compress-data/gguf/Qwen3-30B-A3B-Q2_K.gguf -ngl 32 -ub 2048 -t 4 -ctk f16 -ctv f16 -b 2048 -mmp 0 -fa 1 -ot "blk\.(8|9|10|11|12|13|14|15|16|17|18|19|20|21|22|23|24|25|26|27|28|29|30|31|32|33|34|35|36|37|38|39|40|41|42|43|44|45|46|47)\.ffn_.*_exps\.=CPU" -n 128 -p 0 -r 3 -o json
17:30:06   ok  tok/s=18.134497  wall=57.8s  settle=30.4s  temp 45->47
17:30:37 [30B] 8257ee18cd5ccfc9 block 36 matrix AB_ctk: C:/Users/Federico/Documents/evo-compress/tools/llamacpp-b10098/llama-bench.exe -m D:/evo-compress-data/gguf/Qwen3-30B-A3B-Q2_K.gguf -ngl 32 -ub 2048 -t 1 -ctk q8_0 -ctv f16 -b 2048 -mmp 0 -fa 1 -ot "blk\.(8|9|10|11|12|13|14|15|16|17|18|19|20|21|22|23|24|25|26|27|28|29|30|31|32|33|34|35|36|37|38|39|40|41|42|43|44|45|46|47)\.ffn_.*_exps\.=CPU" -n 128 -p 0 -r 3 -o json
17:32:14   ok  tok/s=6.49981  wall=96.8s  settle=30.4s  temp 44->43
17:32:45 [30B] d12b6a393e66bb7a block 36 matrix AB_mmp: C:/Users/Federico/Documents/evo-compress/tools/llamacpp-b10098/llama-bench.exe -m D:/evo-compress-data/gguf/Qwen3-30B-A3B-Q2_K.gguf -ngl 32 -ub 2048 -t 1 -ctk f16 -ctv f16 -b 2048 -mmp 1 -fa 1 -ot "blk\.(8|9|10|11|12|13|14|15|16|17|18|19|20|21|22|23|24|25|26|27|28|29|30|31|32|33|34|35|36|37|38|39|40|41|42|43|44|45|46|47)\.ffn_.*_exps\.=CPU" -n 128 -p 0 -r 3 -o json
17:34:44   ok  tok/s=3.908021  wall=119.0s  settle=30.3s  temp 42->42
17:35:15 [30B] 5cec734cee5ad30d block 36 matrix AB_moe_cpu_frac: C:/Users/Federico/Documents/evo-compress/tools/llamacpp-b10098/llama-bench.exe -m D:/evo-compress-data/gguf/Qwen3-30B-A3B-Q2_K.gguf -ngl 32 -ub 2048 -t 1 -ctk f16 -ctv f16 -b 2048 -mmp 0 -fa 1 -ot "blk\.(4|5|6|7|8|9|10|11|12|13|14|15|16|17|18|19|20|21|22|23|24|25|26|27|28|29|30|31|32|33|34|35|36|37|38|39|40|41|42|43|44|45|46|47)\.ffn_.*_exps\.=CPU" -n 128 -p 0 -r 3 -o json
17:36:30   ok  tok/s=7.933064  wall=75.6s  settle=30.3s  temp 41->42
17:37:01 [30B] f1a334bbaf6aafb6 block 37 matrix A: C:/Users/Federico/Documents/evo-compress/tools/llamacpp-b10098/llama-bench.exe -m D:/evo-compress-data/gguf/Qwen3-30B-A3B-Q2_K.gguf -ngl 99 -ub 2048 -t 4 -ctk f16 -ctv f16 -b 2048 -mmp 1 -fa 1 -ot "blk\.(8|9|10|11|12|13|14|15|16|17|18|19|20|21|22|23|24|25|26|27|28|29|30|31|32|33|34|35|36|37|38|39|40|41|42|43|44|45|46|47)\.ffn_.*_exps\.=CPU" -n 128 -p 0 -r 3 -o json
17:38:06   ok  tok/s=9.830763  wall=64.8s  settle=30.4s  temp 41->48
17:38:37 [30B] bba87d02ad152687 block 37 matrix B: C:/Users/Federico/Documents/evo-compress/tools/llamacpp-b10098/llama-bench.exe -m D:/evo-compress-data/gguf/Qwen3-30B-A3B-Q2_K.gguf -ngl 99 -ub 2048 -t 4 -ctk q8_0 -ctv f16 -b 2048 -mmp 0 -fa 1 -ot "blk\.(8|9|10|11|12|13|14|15|16|17|18|19|20|21|22|23|24|25|26|27|28|29|30|31|32|33|34|35|36|37|38|39|40|41|42|43|44|45|46|47)\.ffn_.*_exps\.=CPU" -n 128 -p 0 -r 3 -o json
17:39:24   ok  tok/s=15.645853  wall=47.3s  settle=30.3s  temp 49->50
17:39:55 [30B] 2b27e449cf7f40c8 block 37 matrix AB_ngl: C:/Users/Federico/Documents/evo-compress/tools/llamacpp-b10098/llama-bench.exe -m D:/evo-compress-data/gguf/Qwen3-30B-A3B-Q2_K.gguf -ngl 99 -ub 2048 -t 4 -ctk f16 -ctv f16 -b 2048 -mmp 1 -fa 1 -ot "blk\.(8|9|10|11|12|13|14|15|16|17|18|19|20|21|22|23|24|25|26|27|28|29|30|31|32|33|34|35|36|37|38|39|40|41|42|43|44|45|46|47)\.ffn_.*_exps\.=CPU" -n 128 -p 0 -r 3 -o json
17:40:51   ok  tok/s=11.31458  wall=55.5s  settle=30.4s  temp 47->54
17:41:27 [30B] 091ab92ca166debc block 37 matrix AB_t: C:/Users/Federico/Documents/evo-compress/tools/llamacpp-b10098/llama-bench.exe -m D:/evo-compress-data/gguf/Qwen3-30B-A3B-Q2_K.gguf -ngl 99 -ub 2048 -t 4 -ctk f16 -ctv f16 -b 2048 -mmp 1 -fa 1 -ot "blk\.(8|9|10|11|12|13|14|15|16|17|18|19|20|21|22|23|24|25|26|27|28|29|30|31|32|33|34|35|36|37|38|39|40|41|42|43|44|45|46|47)\.ffn_.*_exps\.=CPU" -n 128 -p 0 -r 3 -o json
17:41:49   ok  tok/s=19.466537  wall=22.5s  settle=35.4s  temp 52->57
17:42:30 [30B] b3b5cc2c412857f8 block 37 matrix AB_ctk: C:/Users/Federico/Documents/evo-compress/tools/llamacpp-b10098/llama-bench.exe -m D:/evo-compress-data/gguf/Qwen3-30B-A3B-Q2_K.gguf -ngl 99 -ub 2048 -t 4 -ctk q8_0 -ctv f16 -b 2048 -mmp 1 -fa 1 -ot "blk\.(8|9|10|11|12|13|14|15|16|17|18|19|20|21|22|23|24|25|26|27|28|29|30|31|32|33|34|35|36|37|38|39|40|41|42|43|44|45|46|47)\.ffn_.*_exps\.=CPU" -n 128 -p 0 -r 3 -o json
17:42:58   ok  tok/s=15.36774  wall=27.8s  settle=40.5s  temp 52->55
17:43:29 [30B] 521569e8a08013ad block 37 matrix AB_mmp: C:/Users/Federico/Documents/evo-compress/tools/llamacpp-b10098/llama-bench.exe -m D:/evo-compress-data/gguf/Qwen3-30B-A3B-Q2_K.gguf -ngl 99 -ub 2048 -t 4 -ctk f16 -ctv f16 -b 2048 -mmp 0 -fa 1 -ot "blk\.(8|9|10|11|12|13|14|15|16|17|18|19|20|21|22|23|24|25|26|27|28|29|30|31|32|33|34|35|36|37|38|39|40|41|42|43|44|45|46|47)\.ffn_.*_exps\.=CPU" -n 128 -p 0 -r 3 -o json
17:44:10   ok  tok/s=20.579137  wall=41.0s  settle=30.4s  temp 51->57
17:44:41 [30B] a611af3628415035 block 37 matrix AB_moe_cpu_frac: C:/Users/Federico/Documents/evo-compress/tools/llamacpp-b10098/llama-bench.exe -m D:/evo-compress-data/gguf/Qwen3-30B-A3B-Q2_K.gguf -ngl 99 -ub 2048 -t 4 -ctk f16 -ctv f16 -b 2048 -mmp 1 -fa 1 -ot "blk\.(8|9|10|11|12|13|14|15|16|17|18|19|20|21|22|23|24|25|26|27|28|29|30|31|32|33|34|35|36|37|38|39|40|41|42|43|44|45|46|47)\.ffn_.*_exps\.=CPU" -n 128 -p 0 -r 3 -o json
17:45:38   ok  tok/s=10.864229  wall=57.5s  settle=30.4s  temp 51->56
17:46:09 [30B] c812afe7be56e715 block 38 matrix A: C:/Users/Federico/Documents/evo-compress/tools/llamacpp-b10098/llama-bench.exe -m D:/evo-compress-data/gguf/Qwen3-30B-A3B-Q2_K.gguf -ngl 16 -ub 2048 -t 4 -ctk f16 -ctv f16 -b 2048 -mmp 1 -fa 1 -ot "blk\.(12|13|14|15|16|17|18|19|20|21|22|23|24|25|26|27|28|29|30|31|32|33|34|35|36|37|38|39|40|41|42|43|44|45|46|47)\.ffn_.*_exps\.=CPU" -n 128 -p 0 -r 3 -o json
17:46:36   ok  tok/s=15.531312  wall=26.6s  settle=30.4s  temp 51->52
17:47:06 [30B] 97e358d1efb9a469 block 38 matrix B: C:/Users/Federico/Documents/evo-compress/tools/llamacpp-b10098/llama-bench.exe -m D:/evo-compress-data/gguf/Qwen3-30B-A3B-Q2_K.gguf -ngl 16 -ub 2048 -t 3 -ctk q8_0 -ctv f16 -b 2048 -mmp 0 -fa 1 -ot "blk\.(8|9|10|11|12|13|14|15|16|17|18|19|20|21|22|23|24|25|26|27|28|29|30|31|32|33|34|35|36|37|38|39|40|41|42|43|44|45|46|47)\.ffn_.*_exps\.=CPU" -n 128 -p 0 -r 3 -o json
17:47:57   ok  tok/s=15.992332  wall=50.4s  settle=30.4s  temp 52->52
17:48:28 [30B] 2e567b855a4c00e4 block 38 matrix AB_ngl: C:/Users/Federico/Documents/evo-compress/tools/llamacpp-b10098/llama-bench.exe -m D:/evo-compress-data/gguf/Qwen3-30B-A3B-Q2_K.gguf -ngl 16 -ub 2048 -t 4 -ctk f16 -ctv f16 -b 2048 -mmp 1 -fa 1 -ot "blk\.(12|13|14|15|16|17|18|19|20|21|22|23|24|25|26|27|28|29|30|31|32|33|34|35|36|37|38|39|40|41|42|43|44|45|46|47)\.ffn_.*_exps\.=CPU" -n 128 -p 0 -r 3 -o json
17:49:49   ok  tok/s=7.68898  wall=81.0s  settle=30.4s  temp 49->47
17:50:19 [30B] 86284003a4dee96d block 38 matrix AB_t: C:/Users/Federico/Documents/evo-compress/tools/llamacpp-b10098/llama-bench.exe -m D:/evo-compress-data/gguf/Qwen3-30B-A3B-Q2_K.gguf -ngl 16 -ub 2048 -t 3 -ctk f16 -ctv f16 -b 2048 -mmp 1 -fa 1 -ot "blk\.(12|13|14|15|16|17|18|19|20|21|22|23|24|25|26|27|28|29|30|31|32|33|34|35|36|37|38|39|40|41|42|43|44|45|46|47)\.ffn_.*_exps\.=CPU" -n 128 -p 0 -r 3 -o json
17:50:49   ok  tok/s=13.99253  wall=29.2s  settle=30.3s  temp 48->48
17:51:19 [30B] d1b8045a3b88734d block 38 matrix AB_ctk: C:/Users/Federico/Documents/evo-compress/tools/llamacpp-b10098/llama-bench.exe -m D:/evo-compress-data/gguf/Qwen3-30B-A3B-Q2_K.gguf -ngl 16 -ub 2048 -t 4 -ctk q8_0 -ctv f16 -b 2048 -mmp 1 -fa 1 -ot "blk\.(12|13|14|15|16|17|18|19|20|21|22|23|24|25|26|27|28|29|30|31|32|33|34|35|36|37|38|39|40|41|42|43|44|45|46|47)\.ffn_.*_exps\.=CPU" -n 128 -p 0 -r 3 -o json
17:51:48   ok  tok/s=14.444172  wall=28.5s  settle=30.4s  temp 47->48
17:52:19 [30B] 1ce3f73cfb0dbdf5 block 38 matrix AB_mmp: C:/Users/Federico/Documents/evo-compress/tools/llamacpp-b10098/llama-bench.exe -m D:/evo-compress-data/gguf/Qwen3-30B-A3B-Q2_K.gguf -ngl 16 -ub 2048 -t 4 -ctk f16 -ctv f16 -b 2048 -mmp 0 -fa 1 -ot "blk\.(12|13|14|15|16|17|18|19|20|21|22|23|24|25|26|27|28|29|30|31|32|33|34|35|36|37|38|39|40|41|42|43|44|45|46|47)\.ffn_.*_exps\.=CPU" -n 128 -p 0 -r 3 -o json
17:53:07   ok  tok/s=17.544178  wall=48.5s  settle=30.4s  temp 48->49
17:53:38 [30B] 325078c38d8e9e04 block 38 matrix AB_moe_cpu_frac: C:/Users/Federico/Documents/evo-compress/tools/llamacpp-b10098/llama-bench.exe -m D:/evo-compress-data/gguf/Qwen3-30B-A3B-Q2_K.gguf -ngl 16 -ub 2048 -t 4 -ctk f16 -ctv f16 -b 2048 -mmp 1 -fa 1 -ot "blk\.(8|9|10|11|12|13|14|15|16|17|18|19|20|21|22|23|24|25|26|27|28|29|30|31|32|33|34|35|36|37|38|39|40|41|42|43|44|45|46|47)\.ffn_.*_exps\.=CPU" -n 128 -p 0 -r 3 -o json
17:54:54   ok  tok/s=8.103045  wall=76.1s  settle=30.4s  temp 47->47
17:55:25 [30B] 8ce9f55fcad65e85 block 39 matrix A: C:/Users/Federico/Documents/evo-compress/tools/llamacpp-b10098/llama-bench.exe -m D:/evo-compress-data/gguf/Qwen3-30B-A3B-Q2_K.gguf -ngl 99 -ub 2048 -t 1 -ctk q8_0 -ctv f16 -b 2048 -mmp 1 -fa 1 -ot "blk\.(12|13|14|15|16|17|18|19|20|21|22|23|24|25|26|27|28|29|30|31|32|33|34|35|36|37|38|39|40|41|42|43|44|45|46|47)\.ffn_.*_exps\.=CPU" -n 128 -p 0 -r 3 -o json
17:56:13   ok  tok/s=9.166264  wall=48.0s  settle=30.4s  temp 47->51
17:56:44 [30B] 162a1f480cc7d88f block 39 matrix B: C:/Users/Federico/Documents/evo-compress/tools/llamacpp-b10098/llama-bench.exe -m D:/evo-compress-data/gguf/Qwen3-30B-A3B-Q2_K.gguf -ngl 16 -ub 2048 -t 3 -ctk f16 -ctv f16 -b 2048 -mmp 0 -fa 1 -ot exps=CPU -n 128 -p 0 -r 3 -o json
17:57:34   ok  tok/s=16.302972  wall=49.5s  settle=30.4s  temp 48->49
17:58:04 [30B] 002b277ff7d38bdd block 39 matrix AB_ngl: C:/Users/Federico/Documents/evo-compress/tools/llamacpp-b10098/llama-bench.exe -m D:/evo-compress-data/gguf/Qwen3-30B-A3B-Q2_K.gguf -ngl 16 -ub 2048 -t 1 -ctk q8_0 -ctv f16 -b 2048 -mmp 1 -fa 1 -ot "blk\.(12|13|14|15|16|17|18|19|20|21|22|23|24|25|26|27|28|29|30|31|32|33|34|35|36|37|38|39|40|41|42|43|44|45|46|47)\.ffn_.*_exps\.=CPU" -n 128 -p 0 -r 3 -o json
18:00:20   ok  tok/s=3.550064  wall=135.1s  settle=30.4s  temp 47->42
18:00:51 [30B] 0d8821236bb32f4e block 39 matrix AB_t: C:/Users/Federico/Documents/evo-compress/tools/llamacpp-b10098/llama-bench.exe -m D:/evo-compress-data/gguf/Qwen3-30B-A3B-Q2_K.gguf -ngl 99 -ub 2048 -t 3 -ctk q8_0 -ctv f16 -b 2048 -mmp 1 -fa 1 -ot "blk\.(12|13|14|15|16|17|18|19|20|21|22|23|24|25|26|27|28|29|30|31|32|33|34|35|36|37|38|39|40|41|42|43|44|45|46|47)\.ffn_.*_exps\.=CPU" -n 128 -p 0 -r 3 -o json
18:01:21   ok  tok/s=15.842819  wall=30.4s  settle=30.4s  temp 41->48
18:01:52 [30B] 3c15771ef214c807 block 39 matrix AB_ctk: C:/Users/Federico/Documents/evo-compress/tools/llamacpp-b10098/llama-bench.exe -m D:/evo-compress-data/gguf/Qwen3-30B-A3B-Q2_K.gguf -ngl 99 -ub 2048 -t 1 -ctk f16 -ctv f16 -b 2048 -mmp 1 -fa 1 -ot "blk\.(12|13|14|15|16|17|18|19|20|21|22|23|24|25|26|27|28|29|30|31|32|33|34|35|36|37|38|39|40|41|42|43|44|45|46|47)\.ffn_.*_exps\.=CPU" -n 128 -p 0 -r 3 -o json
18:02:33   ok  tok/s=10.357521  wall=40.7s  settle=30.4s  temp 44->48
18:03:03 [30B] 1d063fd12f12d8f3 block 39 matrix AB_mmp: C:/Users/Federico/Documents/evo-compress/tools/llamacpp-b10098/llama-bench.exe -m D:/evo-compress-data/gguf/Qwen3-30B-A3B-Q2_K.gguf -ngl 99 -ub 2048 -t 1 -ctk q8_0 -ctv f16 -b 2048 -mmp 0 -fa 1 -ot "blk\.(12|13|14|15|16|17|18|19|20|21|22|23|24|25|26|27|28|29|30|31|32|33|34|35|36|37|38|39|40|41|42|43|44|45|46|47)\.ffn_.*_exps\.=CPU" -n 128 -p 0 -r 3 -o json
18:04:08   ok  tok/s=8.720481  wall=64.2s  settle=30.4s  temp 45->48
18:04:39 [30B] 4e77509718458790 block 39 matrix AB_moe_cpu_frac: C:/Users/Federico/Documents/evo-compress/tools/llamacpp-b10098/llama-bench.exe -m D:/evo-compress-data/gguf/Qwen3-30B-A3B-Q2_K.gguf -ngl 99 -ub 2048 -t 1 -ctk q8_0 -ctv f16 -b 2048 -mmp 1 -fa 1 -ot exps=CPU -n 128 -p 0 -r 3 -o json
18:06:26   ok  tok/s=4.768214  wall=107.3s  settle=30.4s  temp 45->45
18:06:26 stage 2 complete: 280 of 280 designed rows on disk - score with weights/prereg95_sobol_score.py
